EmployeeID,Department,JobInvolvement,JobLevel,JobRole,OverTime,BusinessTravel
10001,Sales,3,2,Sales Executive,Yes,Travel_Rarely
10002,Research & Development,2,2,Research Scientist,No,Travel_Frequently
10003,Research & Development,2,1,Laboratory Technician,Yes,Travel_Rarely
10004,Research & Development,3,1,Research Scientist,Yes,Travel_Frequently
10005,Research & Development,3,1,Laboratory Technician,No,Travel_Rarely
10006,Research & Development,3,1,Laboratory Technician,No,Travel_Frequently
10007,Research & Development,4,1,Laboratory Technician,Yes,Travel_Rarely
10008,Research & Development,3,1,Laboratory Technician,No,Travel_Rarely
10009,Research & Development,2,3,Manufacturing Director,No,Travel_Frequently
10010,Research & Development,3,2,Healthcare Representative,No,Travel_Rarely
10011,Research & Development,4,1,Laboratory Technician,No,Travel_Rarely
10012,Research & Development,2,2,Laboratory Technician,Yes,Travel_Rarely
10013,Research & Development,3,1,Research Scientist,No,Travel_Rarely
10014,Research & Development,3,1,Laboratory Technician,No,Travel_Rarely
10015,Research & Development,2,1,Laboratory Technician,Yes,Travel_Rarely
10016,Research & Development,4,3,Manufacturing Director,No,Travel_Rarely
10017,Research & Development,4,1,Research Scientist,Yes,Travel_Rarely
10018,Research & Development,4,1,Laboratory Technician,Yes,Non-Travel
10019,Sales,2,4,Manager,No,Travel_Rarely
10020,Research & Development,3,1,Research Scientist,Yes,Travel_Rarely
10021,Research & Development,4,2,Manufacturing Director,No,Non-Travel
10022,Sales,2,1,Sales Representative,No,Travel_Rarely
10023,Research & Development,3,3,Research Director,No,Travel_Rarely
10024,Research & Development,3,1,Research Scientist,No,Travel_Rarely
10025,Research & Development,3,1,Research Scientist,No,Travel_Rarely
10026,Research & Development,3,5,Manager,No,Travel_Rarely
10027,Research & Development,1,1,Research Scientist,Yes,Travel_Frequently
10028,Sales,3,2,Sales Executive,No,Travel_Rarely
10029,Research & Development,2,3,Healthcare Representative,No,Travel_Rarely
10030,Sales,3,5,Manager,No,Travel_Rarely
10031,Research & Development,3,1,Laboratory Technician,No,Travel_Rarely
10032,Research & Development,3,2,Healthcare Representative,Yes,Travel_Rarely
10033,Research & Development,2,1,Laboratory Technician,No,Travel_Rarely
10034,Sales,3,2,Sales Representative,No,Travel_Rarely
10035,Research & Development,3,1,Research Scientist,Yes,Travel_Rarely
10036,Research & Development,4,1,Research Scientist,No,Travel_Rarely
10037,Sales,2,1,Sales Representative,Yes,Travel_Rarely
10038,Sales,3,1,Sales Representative,No,Travel_Rarely
10039,Research & Development,2,1,Research Scientist,Yes,Travel_Rarely
10040,Sales,4,2,Sales Executive,No,Travel_Frequently
10041,Research & Development,3,1,Laboratory Technician,No,Travel_Rarely
10042,Research & Development,3,1,Laboratory Technician,No,Travel_Rarely
10043,Research & Development,1,1,Laboratory Technician,No,Travel_Rarely
10044,Sales,3,3,Sales Executive,No,Travel_Frequently
10045,Research & Development,3,2,Laboratory Technician,No,Travel_Frequently
10046,Research & Development,3,5,Research Director,No,Travel_Rarely
10047,Sales,3,2,Sales Executive,No,Non-Travel
10048,Research & Development,3,1,Research Scientist,No,Travel_Rarely
10049,Sales,3,2,Sales Executive,Yes,Travel_Frequently
10050,Research & Development,4,1,Laboratory Technician,No,Travel_Rarely
10051,Research & Development,2,3,Laboratory Technician,Yes,Travel_Rarely
10052,Research & Development,3,1,Laboratory Technician,Yes,Travel_Rarely
10053,Sales,3,2,Sales Executive,Yes,Travel_Rarely
10054,Research & Development,2,3,Healthcare Representative,Yes,Non-Travel
10055,Sales,2,2,Sales Executive,Yes,Travel_Rarely
10056,Research & Development,3,3,Research Director,Yes,Travel_Frequently
10057,Sales,3,3,Sales Executive,No,Travel_Frequently
10058,Research & Development,3,1,Laboratory Technician,Yes,Travel_Rarely
10059,Research & Development,3,2,Laboratory Technician,No,Travel_Rarely
10060,Research & Development,2,2,Manufacturing Director,No,Travel_Rarely
10061,Research & Development,3,2,Manufacturing Director,Yes,Travel_Rarely
10062,Research & Development,3,2,Laboratory Technician,No,Travel_Frequently
10063,Research & Development,2,5,Research Director,Yes,Travel_Rarely
10064,Sales,3,3,Sales Executive,No,Travel_Rarely
10065,Research & Development,3,3,Healthcare Representative,No,Travel_Rarely
10066,Research & Development,3,4,Manager,Yes,Travel_Rarely
10067,Research & Development,2,2,Manufacturing Director,No,Travel_Frequently
10068,Research & Development,3,3,Research Scientist,No,Travel_Rarely
10069,Research & Development,3,1,Research Scientist,No,Travel_Frequently
10070,Research & Development,2,1,Research Scientist,Yes,Travel_Rarely
10071,Sales,2,2,Sales Executive,No,Travel_Frequently
10072,Research & Development,3,1,Research Scientist,No,Travel_Rarely
10073,Research & Development,3,1,Research Scientist,No,Travel_Rarely
10074,Research & Development,3,2,Research Scientist,No,Travel_Rarely
10075,Research & Development,4,1,Laboratory Technician,No,Travel_Rarely
10076,Research & Development,3,2,Manufacturing Director,No,Travel_Rarely
10077,Sales,2,2,Sales Executive,No,Travel_Rarely
10078,Research & Development,3,3,Research Director,Yes,Travel_Rarely
10079,Research & Development,3,3,Research Director,No,Travel_Rarely
10080,Human Resources,3,2,Human Resources,Yes,Travel_Rarely
10081,Research & Development,2,2,Laboratory Technician,Yes,Travel_Rarely
10082,Research & Development,2,1,Research Scientist,No,Travel_Rarely
10083,Sales,3,3,Sales Executive,No,Travel_Rarely
10084,Research & Development,1,2,Research Scientist,Yes,Non-Travel
10085,Research & Development,3,2,Manufacturing Director,No,Travel_Rarely
10086,Research & Development,1,3,Manufacturing Director,No,Travel_Rarely
10087,Sales,3,1,Sales Representative,No,Travel_Rarely
10088,Research & Development,3,1,Laboratory Technician,No,Travel_Rarely
10089,Research & Development,2,2,Healthcare Representative,No,Travel_Rarely
10090,Sales,2,3,Sales Executive,No,Travel_Rarely
10091,Research & Development,2,4,Healthcare Representative,No,Travel_Frequently
10092,Sales,3,2,Sales Executive,Yes,Travel_Rarely
10093,Sales,2,2,Sales Executive,Yes,Travel_Rarely
10094,Research & Development,2,3,Healthcare Representative,Yes,Travel_Frequently
10095,Sales,3,2,Sales Executive,No,Travel_Rarely
10096,Research & Development,3,3,Research Director,No,Travel_Rarely
10097,Sales,3,2,Sales Executive,No,Travel_Rarely
10098,Sales,3,2,Sales Executive,No,Non-Travel
10099,Sales,3,4,Sales Executive,No,Travel_Rarely
10100,Research & Development,3,2,Laboratory Technician,No,Non-Travel
10101,Human Resources,3,1,Human Resources,Yes,Travel_Rarely
10102,Research & Development,3,1,Research Scientist,No,Travel_Rarely
10103,Research & Development,2,1,Laboratory Technician,Yes,Travel_Frequently
10104,Research & Development,3,2,Research Scientist,No,Travel_Rarely
10105,Research & Development,2,2,Healthcare Representative,No,Non-Travel
10106,Human Resources,2,5,Manager,No,Non-Travel
10107,Research & Development,3,5,Research Director,Yes,Travel_Frequently
10108,Sales,2,2,Sales Executive,Yes,Travel_Rarely
10109,Research & Development,2,1,Research Scientist,No,Travel_Rarely
10110,Research & Development,3,1,Laboratory Technician,No,Travel_Rarely
10111,Research & Development,2,3,Healthcare Representative,No,Travel_Frequently
10112,Research & Development,1,2,Laboratory Technician,Yes,Travel_Frequently
10113,Human Resources,4,4,Manager,Yes,Non-Travel
10114,Research & Development,3,1,Laboratory Technician,No,Travel_Rarely
10115,Research & Development,2,2,Research Scientist,No,Travel_Rarely
10116,Sales,3,3,Sales Executive,No,Travel_Rarely
10117,Research & Development,2,3,Manager,No,Travel_Rarely
10118,Sales,3,3,Sales Executive,No,Travel_Frequently
10119,Research & Development,3,1,Laboratory Technician,No,Travel_Rarely
10120,Sales,3,4,Manager,Yes,Travel_Frequently
10121,Research & Development,1,1,Research Scientist,No,Travel_Frequently
10122,Sales,3,2,Sales Executive,No,Non-Travel
10123,Research & Development,3,1,Research Scientist,Yes,Travel_Rarely
10124,Research & Development,3,5,Research Director,No,Travel_Rarely
10125,Sales,1,2,Sales Executive,Yes,Travel_Rarely
10126,Research & Development,2,1,Research Scientist,No,Travel_Rarely
10127,Research & Development,3,3,Healthcare Representative,No,Travel_Rarely
10128,Sales,3,1,Sales Representative,Yes,Travel_Rarely
10129,Research & Development,3,1,Laboratory Technician,No,Travel_Rarely
10130,Research & Development,3,2,Manufacturing Director,No,Travel_Rarely
10131,Research & Development,4,1,Research Scientist,No,Travel_Frequently
10132,Sales,3,3,Sales Executive,No,Travel_Frequently
10133,Sales,1,2,Sales Executive,Yes,Travel_Rarely
10134,Sales,3,3,Sales Executive,Yes,Travel_Rarely
10135,Human Resources,3,1,Human Resources,No,Travel_Rarely
10136,Research & Development,3,2,Manufacturing Director,No,Travel_Rarely
10137,Research & Development,1,3,Manufacturing Director,No,Travel_Frequently
10138,Sales,2,2,Sales Executive,No,Travel_Rarely
10139,Sales,2,2,Sales Executive,No,Travel_Rarely
10140,Human Resources,3,2,Human Resources,Yes,Travel_Rarely
10141,Research & Development,3,1,Laboratory Technician,No,Travel_Rarely
10142,Research & Development,3,1,Research Scientist,No,Travel_Rarely
10143,Research & Development,3,2,Research Scientist,Yes,Travel_Rarely
10144,Research & Development,3,1,Research Scientist,No,Travel_Rarely
10145,Sales,1,2,Sales Executive,No,Travel_Frequently
10146,Research & Development,3,1,Research Scientist,No,Travel_Rarely
10147,Research & Development,2,1,Laboratory Technician,No,Travel_Rarely
10148,Research & Development,2,4,Manager,No,Travel_Frequently
10149,Research & Development,3,1,Laboratory Technician,No,Travel_Rarely
10150,Research & Development,3,1,Laboratory Technician,No,Travel_Rarely
10151,Research & Development,3,2,Research Scientist,No,Travel_Frequently
10152,Sales,3,3,Sales Executive,No,Travel_Rarely
10153,Sales,3,2,Sales Representative,Yes,Travel_Rarely
10154,Research & Development,3,2,Laboratory Technician,No,Travel_Rarely
10155,Sales,3,3,Sales Executive,No,Travel_Frequently
10156,Research & Development,3,2,Manufacturing Director,No,Non-Travel
10157,Research & Development,2,2,Manufacturing Director,No,Travel_Rarely
10158,Research & Development,2,1,Research Scientist,Yes,Travel_Rarely
10159,Sales,2,3,Sales Executive,No,Travel_Rarely
10160,Sales,3,1,Sales Representative,No,Travel_Frequently
10161,Research & Development,3,1,Research Scientist,No,Travel_Rarely
10162,Research & Development,3,1,Research Scientist,No,Non-Travel
10163,Research & Development,3,1,Research Scientist,No,Travel_Rarely
10164,Research & Development,4,3,Healthcare Representative,Yes,Travel_Rarely
10165,Research & Development,2,1,Research Scientist,Yes,Non-Travel
10166,Research & Development,3,5,Manager,No,Travel_Rarely
10167,Research & Development,3,1,Research Scientist,No,Travel_Rarely
10168,Sales,3,3,Sales Executive,No,Travel_Rarely
10169,Sales,2,2,Sales Executive,No,Travel_Rarely
10170,Research & Development,3,1,Research Scientist,No,Travel_Rarely
10171,Research & Development,3,1,Research Scientist,Yes,Travel_Rarely
10172,Sales,1,1,Sales Representative,No,Travel_Frequently
10173,Research & Development,3,1,Laboratory Technician,No,Travel_Frequently
10174,Research & Development,3,2,Laboratory Technician,No,Non-Travel
10175,Sales,3,2,Sales Executive,Yes,Travel_Rarely
10176,Research & Development,3,1,Research Scientist,Yes,Travel_Rarely
10177,Research & Development,3,1,Research Scientist,No,Travel_Rarely
10178,Research & Development,2,1,Laboratory Technician,No,Travel_Rarely
10179,Sales,3,3,Sales Executive,No,Travel_Rarely
10180,Research & Development,3,1,Laboratory Technician,No,Travel_Rarely
10181,Research & Development,3,1,Research Scientist,Yes,Travel_Rarely
10182,Research & Development,3,1,Research Scientist,No,Travel_Rarely
10183,Sales,3,1,Sales Representative,Yes,Travel_Rarely
10184,Research & Development,2,1,Laboratory Technician,No,Travel_Rarely
10185,Research & Development,4,2,Manufacturing Director,No,Travel_Rarely
10186,Research & Development,3,1,Research Scientist,No,Travel_Rarely
10187,Research & Development,3,5,Manager,No,Travel_Rarely
10188,Research & Development,4,5,Research Director,No,Travel_Rarely
10189,Research & Development,2,2,Manufacturing Director,No,Travel_Frequently
10190,Research & Development,3,4,Healthcare Representative,No,Travel_Rarely
10191,Research & Development,2,5,Manager,No,Travel_Rarely
10192,Research & Development,3,1,Research Scientist,No,Travel_Rarely
10193,Research & Development,2,2,Manufacturing Director,Yes,Travel_Rarely
10194,Research & Development,4,1,Research Scientist,No,Non-Travel
10195,Research & Development,2,4,Manager,No,Non-Travel
10196,Research & Development,4,1,Research Scientist,Yes,Travel_Rarely
10197,Research & Development,3,2,Laboratory Technician,No,Travel_Frequently
10198,Research & Development,3,2,Manufacturing Director,No,Non-Travel
10199,Research & Development,3,2,Manufacturing Director,No,Travel_Rarely
10200,Research & Development,3,2,Manufacturing Director,No,Travel_Rarely
10201,Research & Development,2,2,Manufacturing Director,No,Travel_Frequently
10202,Research & Development,3,2,Manufacturing Director,Yes,Non-Travel
10203,Research & Development,3,1,Research Scientist,Yes,Travel_Frequently
10204,Research & Development,3,2,Laboratory Technician,Yes,Travel_Rarely
10205,Research & Development,3,2,Healthcare Representative,Yes,Travel_Rarely
10206,Sales,3,3,Sales Executive,No,Travel_Rarely
10207,Research & Development,4,1,Research Scientist,Yes,Travel_Rarely
10208,Research & Development,3,1,Laboratory Technician,No,Travel_Frequently
10209,Research & Development,2,2,Healthcare Representative,No,Non-Travel
10210,Research & Development,3,3,Healthcare Representative,No,Travel_Rarely
10211,Sales,1,3,Sales Executive,No,Travel_Rarely
10212,Research & Development,2,3,Manufacturing Director,No,Non-Travel
10213,Sales,3,2,Sales Executive,No,Travel_Frequently
10214,Research & Development,2,3,Research Director,No,Travel_Rarely
10215,Research & Development,3,1,Research Scientist,Yes,Travel_Rarely
10216,Sales,3,3,Manager,Yes,Travel_Rarely
10217,Sales,2,2,Sales Executive,No,Travel_Frequently
10218,Research & Development,3,1,Research Scientist,No,Travel_Rarely
10219,Sales,2,3,Sales Executive,No,Non-Travel
10220,Sales,3,2,Sales Executive,No,Travel_Rarely
10221,Research & Development,3,2,Laboratory Technician,No,Travel_Rarely
10222,Research & Development,2,1,Research Scientist,No,Travel_Rarely
10223,Research & Development,3,3,Research Director,Yes,Travel_Frequently
10224,Sales,3,3,Sales Executive,No,Travel_Rarely
10225,Research & Development,1,2,Manufacturing Director,No,Non-Travel
10226,Research & Development,2,1,Research Scientist,No,Travel_Rarely
10227,Sales,3,1,Sales Representative,No,Travel_Frequently
10228,Sales,3,3,Sales Executive,No,Travel_Frequently
10229,Sales,3,3,Sales Executive,No,Travel_Frequently
10230,Research & Development,2,1,Research Scientist,Yes,Travel_Rarely
10231,Research & Development,2,1,Laboratory Technician,No,Travel_Rarely
10232,Research & Development,3,5,Manager,No,Travel_Rarely
10233,Human Resources,3,1,Human Resources,No,Travel_Rarely
10234,Sales,3,5,Manager,No,Travel_Rarely
10235,Research & Development,3,1,Laboratory Technician,Yes,Travel_Rarely
10236,Sales,3,4,Manager,Yes,Travel_Rarely
10237,Research & Development,3,1,Laboratory Technician,No,Travel_Rarely
10238,Sales,2,5,Manager,Yes,Non-Travel
10239,Sales,3,1,Sales Representative,No,Travel_Rarely
10240,Research & Development,2,1,Laboratory Technician,Yes,Travel_Rarely
10241,Research & Development,3,1,Laboratory Technician,No,Travel_Rarely
10242,Sales,3,2,Sales Executive,No,Non-Travel
10243,Research & Development,3,2,Research Scientist,No,Travel_Rarely
10244,Research & Development,3,2,Research Scientist,No,Travel_Rarely
10245,Research & Development,4,5,Manager,No,Travel_Rarely
10246,Research & Development,3,3,Research Director,No,Travel_Frequently
10247,Research & Development,2,1,Research Scientist,No,Travel_Rarely
10248,Research & Development,2,2,Manufacturing Director,No,Travel_Rarely
10249,Research & Development,2,1,Research Scientist,No,Travel_Rarely
10250,Research & Development,4,2,Manufacturing Director,No,Travel_Frequently
10251,Research & Development,3,3,Manufacturing Director,No,Travel_Frequently
10252,Research & Development,3,3,Healthcare Representative,No,Travel_Frequently
10253,Research & Development,3,1,Research Scientist,No,Travel_Rarely
10254,Research & Development,4,2,Research Scientist,Yes,Travel_Rarely
10255,Sales,3,2,Sales Executive,No,Travel_Rarely
10256,Research & Development,3,2,Manufacturing Director,No,Travel_Rarely
10257,Research & Development,2,1,Laboratory Technician,Yes,Travel_Rarely
10258,Research & Development,3,5,Research Director,No,Travel_Rarely
10259,Research & Development,3,1,Research Scientist,No,Travel_Rarely
10260,Research & Development,2,1,Laboratory Technician,No,Travel_Frequently
10261,Research & Development,4,1,Laboratory Technician,No,Travel_Frequently
10262,Sales,2,2,Sales Executive,No,Non-Travel
10263,Research & Development,2,2,Laboratory Technician,No,Travel_Rarely
10264,Sales,1,4,Manager,Yes,Travel_Rarely
10265,Research & Development,3,1,Laboratory Technician,No,Travel_Rarely
10266,Sales,2,2,Sales Executive,No,Travel_Rarely
10267,Research & Development,2,2,Healthcare Representative,No,Travel_Rarely
10268,Research & Development,4,2,Healthcare Representative,No,Non-Travel
10269,Research & Development,3,4,Healthcare Representative,Yes,Travel_Rarely
10270,Research & Development,3,1,Laboratory Technician,No,Travel_Rarely
10271,Research & Development,3,5,Manager,Yes,Travel_Rarely
10272,Research & Development,3,3,Manager,Yes,Non-Travel
10273,Research & Development,3,1,Research Scientist,No,Travel_Rarely
10274,Sales,3,2,Sales Executive,No,Travel_Rarely
10275,Research & Development,2,1,Research Scientist,No,Travel_Rarely
10276,Research & Development,3,3,Research Director,Yes,Non-Travel
10277,Research & Development,4,3,Manager,No,Travel_Rarely
10278,Sales,4,2,Sales Executive,Yes,Travel_Rarely
10279,Research & Development,3,2,Manufacturing Director,No,Travel_Frequently
10280,Research & Development,3,5,Research Director,No,Travel_Rarely
10281,Research & Development,3,4,Research Director,Yes,Travel_Rarely
10282,Sales,3,2,Sales Executive,No,Travel_Rarely
10283,Sales,3,2,Sales Executive,No,Travel_Frequently
10284,Research & Development,3,2,Laboratory Technician,Yes,Travel_Rarely
10285,Research & Development,3,2,Healthcare Representative,Yes,Travel_Frequently
10286,Research & Development,3,1,Research Scientist,No,Travel_Rarely
10287,Research & Development,3,1,Laboratory Technician,Yes,Travel_Frequently
10288,Research & Development,3,2,Healthcare Representative,No,Travel_Rarely
10289,Research & Development,3,1,Laboratory Technician,Yes,Travel_Rarely
10290,Research & Development,3,1,Research Scientist,No,Travel_Rarely
10291,Research & Development,3,5,Research Director,Yes,Travel_Frequently
10292,Research & Development,3,2,Research Scientist,No,Travel_Rarely
10293,Sales,3,1,Sales Representative,No,Travel_Frequently
10294,Sales,2,2,Sales Executive,Yes,Travel_Rarely
10295,Research & Development,3,1,Research Scientist,Yes,Travel_Frequently
10296,Sales,3,4,Sales Executive,No,Travel_Frequently
10297,Research & Development,3,1,Laboratory Technician,No,Travel_Rarely
10298,Sales,3,3,Sales Executive,No,Travel_Rarely
10299,Research & Development,4,1,Laboratory Technician,No,Travel_Frequently
10300,Research & Development,1,2,Manufacturing Director,No,Travel_Rarely
10301,Sales,3,4,Manager,No,Travel_Rarely
10302,Sales,2,1,Sales Representative,No,Travel_Rarely
10303,Research & Development,4,2,Healthcare Representative,No,Travel_Rarely
10304,Sales,4,2,Sales Executive,No,Travel_Rarely
10305,Research & Development,4,3,Healthcare Representative,No,Travel_Rarely
10306,Research & Development,3,2,Laboratory Technician,No,Non-Travel
10307,Sales,2,2,Sales Executive,No,Travel_Rarely
10308,Research & Development,2,3,Research Director,No,Travel_Rarely
10309,Research & Development,1,2,Healthcare Representative,Yes,Non-Travel
10310,Research & Development,3,1,Research Scientist,Yes,Travel_Rarely
10311,Human Resources,2,2,Human Resources,No,Travel_Rarely
10312,Research & Development,3,3,Laboratory Technician,No,Travel_Frequently
10313,Research & Development,3,1,Research Scientist,Yes,Travel_Rarely
10314,Research & Development,3,3,Manager,No,Travel_Frequently
10315,Research & Development,3,4,Manager,Yes,Travel_Rarely
10316,Research & Development,3,1,Laboratory Technician,No,Travel_Frequently
10317,Research & Development,2,4,Healthcare Representative,Yes,Travel_Rarely
10318,Research & Development,2,2,Research Scientist,No,Travel_Rarely
10319,Research & Development,3,1,Research Scientist,Yes,Travel_Rarely
10320,Sales,2,2,Sales Executive,Yes,Travel_Rarely
10321,Sales,3,2,Sales Executive,Yes,Travel_Rarely
10322,Sales,3,2,Sales Executive,No,Travel_Rarely
10323,Research & Development,4,2,Research Scientist,No,Travel_Rarely
10324,Research & Development,1,1,Research Scientist,Yes,Travel_Rarely
10325,Research & Development,3,2,Research Scientist,No,Travel_Rarely
10326,Research & Development,2,3,Manufacturing Director,No,Travel_Frequently
10327,Research & Development,2,5,Manager,No,Travel_Frequently
10328,Sales,3,2,Sales Executive,Yes,Travel_Rarely
10329,Sales,2,2,Sales Executive,No,Travel_Frequently
10330,Research & Development,3,5,Research Director,No,Travel_Rarely
10331,Research & Development,2,2,Laboratory Technician,No,Travel_Frequently
10332,Sales,3,2,Sales Executive,Yes,Non-Travel
10333,Research & Development,3,2,Research Scientist,No,Travel_Frequently
10334,Research & Development,3,3,Healthcare Representative,No,Travel_Rarely
10335,Research & Development,3,2,Research Scientist,No,Travel_Rarely
10336,Sales,1,2,Sales Executive,Yes,Travel_Rarely
10337,Research & Development,1,1,Laboratory Technician,Yes,Travel_Rarely
10338,Research & Development,2,1,Laboratory Technician,No,Travel_Rarely
10339,Sales,2,2,Sales Executive,No,Travel_Rarely
10340,Sales,3,2,Sales Executive,No,Travel_Rarely
10341,Research & Development,3,2,Manufacturing Director,No,Travel_Rarely
10342,Research & Development,2,3,Research Director,Yes,Travel_Rarely
10343,Research & Development,3,3,Manufacturing Director,Yes,Travel_Rarely
10344,Sales,2,2,Sales Executive,Yes,Travel_Rarely
10345,Research & Development,3,3,Manufacturing Director,No,Travel_Rarely
10346,Research & Development,3,1,Research Scientist,No,Travel_Rarely
10347,Research & Development,2,2,Manufacturing Director,Yes,Travel_Rarely
10348,Sales,3,2,Sales Representative,No,Travel_Frequently
10349,Research & Development,3,4,Research Director,No,Travel_Rarely
10350,Sales,3,2,Sales Executive,No,Non-Travel
10351,Human Resources,3,1,Human Resources,Yes,Travel_Rarely
10352,Research & Development,3,1,Laboratory Technician,No,Travel_Rarely
10353,Sales,3,3,Manager,No,Travel_Rarely
10354,Research & Development,4,2,Research Scientist,Yes,Travel_Rarely
10355,Sales,3,2,Sales Executive,Yes,Non-Travel
10356,Sales,3,2,Sales Executive,No,Travel_Rarely
10357,Research & Development,2,2,Healthcare Representative,No,Travel_Rarely
10358,Sales,2,1,Sales Representative,Yes,Travel_Frequently
10359,Sales,3,2,Sales Executive,No,Non-Travel
10360,Sales,2,3,Sales Executive,No,Travel_Frequently
10361,Research & Development,3,2,Healthcare Representative,No,Travel_Rarely
10362,Research & Development,4,1,Laboratory Technician,Yes,Travel_Rarely
10363,Sales,3,1,Sales Representative,No,Non-Travel
10364,Sales,3,1,Sales Representative,Yes,Travel_Rarely
10365,Research & Development,3,1,Laboratory Technician,No,Travel_Rarely
10366,Research & Development,3,2,Manufacturing Director,No,Non-Travel
10367,Sales,3,2,Sales Executive,No,Travel_Frequently
10368,Research & Development,2,3,Healthcare Representative,No,Travel_Rarely
10369,Sales,2,2,Sales Executive,Yes,Travel_Rarely
10370,Research & Development,2,1,Research Scientist,Yes,Travel_Rarely
10371,Sales,4,1,Sales Representative,No,Travel_Rarely
10372,Research & Development,3,1,Research Scientist,No,Travel_Rarely
10373,Research & Development,2,2,Healthcare Representative,No,Travel_Rarely
10374,Research & Development,3,1,Laboratory Technician,No,Travel_Rarely
10375,Sales,3,2,Sales Executive,No,Travel_Rarely
10376,Research & Development,2,3,Healthcare Representative,No,Travel_Rarely
10377,Sales,3,2,Sales Executive,No,Travel_Rarely
10378,Research & Development,3,1,Research Scientist,No,Travel_Rarely
10379,Sales,4,2,Sales Executive,Yes,Non-Travel
10380,Research & Development,3,4,Manager,Yes,Travel_Rarely
10381,Sales,3,2,Sales Executive,Yes,Travel_Rarely
10382,Sales,3,1,Sales Representative,No,Travel_Rarely
10383,Research & Development,3,1,Research Scientist,No,Travel_Frequently
10384,Research & Development,3,1,Research Scientist,No,Travel_Rarely
10385,Sales,2,3,Sales Executive,No,Travel_Rarely
10386,Research & Development,3,1,Research Scientist,Yes,Travel_Frequently
10387,Research & Development,3,1,Laboratory Technician,No,Travel_Rarely
10388,Sales,3,2,Sales Executive,No,Travel_Rarely
10389,Research & Development,3,1,Laboratory Technician,No,Travel_Rarely
10390,Research & Development,3,2,Manufacturing Director,Yes,Travel_Rarely
10391,Research & Development,2,4,Research Director,No,Travel_Rarely
10392,Research & Development,2,2,Laboratory Technician,No,Travel_Rarely
10393,Research & Development,3,5,Research Director,No,Travel_Rarely
10394,Sales,3,2,Sales Executive,No,Non-Travel
10395,Research & Development,3,2,Manufacturing Director,No,Travel_Rarely
10396,Research & Development,3,1,Laboratory Technician,No,Travel_Frequently
10397,Research & Development,3,2,Healthcare Representative,Yes,Travel_Rarely
10398,Sales,2,2,Sales Executive,Yes,Travel_Rarely
10399,Research & Development,3,2,Research Scientist,Yes,Non-Travel
10400,Research & Development,2,1,Laboratory Technician,No,Travel_Rarely
10401,Research & Development,3,5,Manager,Yes,Travel_Frequently
10402,Sales,4,4,Sales Executive,No,Travel_Frequently
10403,Sales,3,2,Sales Executive,No,Travel_Rarely
10404,Sales,4,3,Sales Executive,No,Travel_Rarely
10405,Research & Development,3,2,Laboratory Technician,No,Travel_Rarely
10406,Research & Development,3,1,Laboratory Technician,No,Travel_Rarely
10407,Research & Development,2,3,Manufacturing Director,Yes,Travel_Rarely
10408,Research & Development,3,1,Research Scientist,No,Travel_Rarely
10409,Research & Development,3,4,Manager,No,Travel_Rarely
10410,Research & Development,3,2,Research Scientist,No,Travel_Frequently
10411,Research & Development,1,2,Manufacturing Director,No,Travel_Rarely
10412,Research & Development,3,5,Manager,No,Travel_Rarely
10413,Research & Development,3,2,Manufacturing Director,No,Travel_Rarely
10414,Research & Development,2,2,Healthcare Representative,No,Travel_Frequently
10415,Sales,3,1,Sales Representative,Yes,Travel_Rarely
10416,Sales,1,1,Sales Representative,No,Travel_Frequently
10417,Research & Development,3,1,Laboratory Technician,Yes,Travel_Frequently
10418,Sales,3,5,Manager,No,Travel_Rarely
10419,Research & Development,3,1,Research Scientist,No,Travel_Rarely
10420,Research & Development,3,1,Laboratory Technician,No,Non-Travel
10421,Research & Development,2,3,Research Director,No,Travel_Rarely
10422,Research & Development,2,1,Research Scientist,No,Travel_Rarely
10423,Human Resources,2,1,Human Resources,No,Travel_Rarely
10424,Sales,3,3,Sales Executive,No,Non-Travel
10425,Sales,2,4,Manager,No,Travel_Rarely
10426,Research & Development,2,4,Manager,No,Travel_Rarely
10427,Research & Development,3,1,Laboratory Technician,No,Non-Travel
10428,Sales,2,3,Sales Executive,No,Travel_Frequently
10429,Research & Development,3,2,Manufacturing Director,No,Travel_Rarely
10430,Research & Development,3,4,Research Director,No,Travel_Rarely
10431,Research & Development,1,1,Laboratory Technician,No,Travel_Rarely
10432,Research & Development,3,2,Laboratory Technician,No,Travel_Rarely
10433,Research & Development,2,1,Research Scientist,No,Travel_Rarely
10434,Sales,2,3,Sales Executive,Yes,Travel_Rarely
10435,Research & Development,3,3,Manufacturing Director,No,Travel_Rarely
10436,Research & Development,3,3,Manager,Yes,Travel_Rarely
10437,Research & Development,1,1,Laboratory Technician,No,Travel_Rarely
10438,Sales,3,1,Sales Representative,No,Travel_Rarely
10439,Research & Development,3,3,Healthcare Representative,Yes,Travel_Rarely
10440,Research & Development,3,3,Healthcare Representative,No,Travel_Frequently
10441,Human Resources,3,3,Human Resources,Yes,Travel_Frequently
10442,Research & Development,3,1,Laboratory Technician,No,Travel_Frequently
10443,Sales,3,3,Sales Executive,No,Non-Travel
10444,Research & Development,2,1,Laboratory Technician,No,Travel_Frequently
10445,Sales,3,2,Sales Executive,No,Travel_Rarely
10446,Sales,3,4,Manager,No,Travel_Rarely
10447,Sales,3,2,Sales Executive,No,Non-Travel
10448,Sales,3,2,Sales Executive,No,Travel_Rarely
10449,Research & Development,3,4,Manufacturing Director,No,Travel_Rarely
10450,Research & Development,3,1,Laboratory Technician,No,Travel_Frequently
10451,Sales,3,2,Sales Executive,Yes,Travel_Rarely
10452,Research & Development,3,3,Manufacturing Director,Yes,Travel_Rarely
10453,Sales,3,2,Sales Executive,No,Travel_Rarely
10454,Human Resources,3,1,Human Resources,Yes,Travel_Frequently
10455,Research & Development,3,2,Manufacturing Director,No,Travel_Rarely
10456,Research & Development,4,4,Research Director,No,Travel_Rarely
10457,Sales,2,3,Manager,No,Travel_Rarely
10458,Sales,3,1,Sales Representative,Yes,Travel_Frequently
10459,Sales,1,3,Sales Executive,No,Non-Travel
10460,Research & Development,2,2,Healthcare Representative,Yes,Non-Travel
10461,Sales,3,2,Sales Executive,No,Travel_Rarely
10462,Sales,3,2,Sales Executive,No,Travel_Rarely
10463,Sales,4,2,Sales Executive,No,Travel_Rarely
10464,Research & Development,1,1,Laboratory Technician,Yes,Travel_Rarely
10465,Research & Development,3,3,Manufacturing Director,No,Travel_Rarely
10466,Research & Development,3,3,Healthcare Representative,No,Travel_Frequently
10467,Sales,3,4,Manager,No,Travel_Rarely
10468,Sales,3,3,Sales Executive,No,Non-Travel
10469,Research & Development,3,2,Research Scientist,Yes,Travel_Rarely
10470,Sales,4,2,Sales Executive,No,Non-Travel
10471,Sales,3,1,Sales Representative,No,Travel_Frequently
10472,Research & Development,3,2,Healthcare Representative,No,Travel_Rarely
10473,Research & Development,3,2,Manufacturing Director,No,Travel_Rarely
10474,Research & Development,2,5,Research Director,Yes,Travel_Rarely
10475,Research & Development,4,1,Research Scientist,Yes,Travel_Rarely
10476,Sales,3,2,Sales Executive,No,Travel_Rarely
10477,Research & Development,2,1,Laboratory Technician,No,Travel_Rarely
10478,Human Resources,3,5,Manager,No,Travel_Frequently
10479,Sales,3,1,Sales Representative,No,Travel_Rarely
10480,Research & Development,3,1,Laboratory Technician,Yes,Travel_Frequently
10481,Sales,2,1,Sales Representative,No,Travel_Frequently
10482,Research & Development,2,1,Research Scientist,Yes,Travel_Rarely
10483,Sales,3,2,Sales Executive,No,Travel_Rarely
10484,Research & Development,2,2,Laboratory Technician,No,Travel_Rarely
10485,Sales,4,2,Sales Executive,No,Travel_Rarely
10486,Research & Development,2,1,Research Scientist,No,Travel_Rarely
10487,Sales,3,2,Sales Executive,Yes,Travel_Rarely
10488,Research & Development,2,1,Research Scientist,No,Travel_Rarely
10489,Research & Development,3,2,Healthcare Representative,No,Travel_Rarely
10490,Research & Development,2,4,Research Director,Yes,Travel_Rarely
10491,Research & Development,3,1,Research Scientist,No,Travel_Rarely
10492,Research & Development,3,2,Laboratory Technician,Yes,Travel_Frequently
10493,Research & Development,2,4,Manager,No,Travel_Rarely
10494,Human Resources,2,2,Human Resources,No,Travel_Rarely
10495,Sales,3,1,Sales Representative,Yes,Travel_Rarely
10496,Sales,3,1,Sales Representative,No,Travel_Rarely
10497,Sales,3,1,Sales Representative,No,Travel_Rarely
10498,Research & Development,3,5,Manager,Yes,Travel_Rarely
10499,Research & Development,3,1,Research Scientist,No,Travel_Rarely
10500,Sales,3,2,Sales Executive,No,Travel_Rarely
10501,Research & Development,3,2,Research Scientist,Yes,Travel_Rarely
10502,Research & Development,3,1,Research Scientist,No,Travel_Frequently
10503,Sales,3,2,Sales Executive,No,Travel_Rarely
10504,Research & Development,3,1,Research Scientist,No,Travel_Rarely
10505,Sales,3,2,Sales Executive,No,Travel_Frequently
10506,Research & Development,3,1,Laboratory Technician,Yes,Travel_Rarely
10507,Research & Development,3,3,Manufacturing Director,No,Travel_Rarely
10508,Sales,3,2,Sales Executive,No,Travel_Rarely
10509,Research & Development,1,2,Research Scientist,No,Travel_Rarely
10510,Research & Development,3,2,Healthcare Representative,No,Travel_Frequently
10511,Human Resources,3,3,Human Resources,No,Travel_Rarely
10512,Research & Development,2,2,Manufacturing Director,Yes,Travel_Rarely
10513,Research & Development,2,1,Research Scientist,No,Travel_Rarely
10514,Research & Development,3,1,Research Scientist,Yes,Travel_Rarely
10515,Research & Development,3,1,Research Scientist,Yes,Travel_Frequently
10516,Research & Development,2,1,Laboratory Technician,No,Non-Travel
10517,Research & Development,4,1,Research Scientist,No,Travel_Rarely
10518,Sales,4,2,Sales Executive,No,Travel_Rarely
10519,Sales,2,2,Sales Executive,No,Travel_Rarely
10520,Research & Development,1,1,Research Scientist,No,Travel_Frequently
10521,Sales,4,2,Sales Executive,No,Travel_Rarely
10522,Sales,4,2,Sales Executive,Yes,Travel_Frequently
10523,Research & Development,4,1,Research Scientist,No,Travel_Rarely
10524,Research & Development,4,1,Laboratory Technician,Yes,Travel_Rarely
10525,Research & Development,2,3,Healthcare Representative,No,Travel_Rarely
10526,Sales,3,2,Sales Executive,No,Travel_Rarely
10527,Research & Development,2,2,Healthcare Representative,No,Travel_Rarely
10528,Sales,3,2,Sales Executive,No,Travel_Rarely
10529,Sales,3,2,Sales Executive,Yes,Travel_Frequently
10530,Research & Development,4,2,Healthcare Representative,No,Travel_Rarely
10531,Research & Development,3,3,Manufacturing Director,No,Travel_Rarely
10532,Research & Development,3,3,Research Director,No,Travel_Rarely
10533,Sales,3,2,Sales Executive,No,Travel_Rarely
10534,Sales,2,3,Sales Executive,Yes,Travel_Frequently
10535,Research & Development,4,4,Research Director,No,Travel_Rarely
10536,Human Resources,2,5,Manager,No,Travel_Rarely
10537,Sales,3,2,Sales Executive,No,Travel_Rarely
10538,Research & Development,3,3,Manufacturing Director,No,Travel_Frequently
10539,Human Resources,2,5,Manager,No,Travel_Rarely
10540,Sales,3,1,Sales Representative,No,Travel_Rarely
10541,Research & Development,1,1,Research Scientist,Yes,Travel_Rarely
10542,Research & Development,4,3,Research Director,No,Non-Travel
10543,Research & Development,3,3,Manufacturing Director,Yes,Travel_Rarely
10544,Research & Development,1,1,Laboratory Technician,No,Non-Travel
10545,Sales,3,4,Sales Executive,Yes,Travel_Frequently
10546,Sales,3,2,Sales Executive,No,Travel_Rarely
10547,Sales,3,1,Sales Representative,No,Travel_Rarely
10548,Research & Development,4,1,Research Scientist,Yes,Travel_Frequently
10549,Sales,2,2,Sales Executive,No,Travel_Frequently
10550,Research & Development,3,2,Healthcare Representative,No,Travel_Rarely
10551,Research & Development,3,1,Laboratory Technician,No,Travel_Rarely
10552,Human Resources,4,2,Human Resources,No,Travel_Rarely
10553,Research & Development,3,4,Healthcare Representative,No,Travel_Rarely
10554,Research & Development,2,1,Research Scientist,Yes,Travel_Rarely
10555,Research & Development,2,2,Healthcare Representative,No,Travel_Rarely
10556,Sales,3,1,Sales Representative,No,Travel_Rarely
10557,Research & Development,3,2,Laboratory Technician,No,Travel_Rarely
10558,Research & Development,3,2,Healthcare Representative,No,Non-Travel
10559,Research & Development,3,2,Laboratory Technician,No,Travel_Frequently
10560,Research & Development,3,1,Research Scientist,Yes,Travel_Rarely
10561,Research & Development,3,2,Manufacturing Director,No,Travel_Rarely
10562,Sales,2,4,Manager,No,Travel_Rarely
10563,Research & Development,3,1,Research Scientist,Yes,Travel_Rarely
10564,Sales,3,2,Sales Executive,No,Travel_Rarely
10565,Sales,1,2,Sales Representative,No,Travel_Rarely
10566,Research & Development,4,1,Research Scientist,No,Travel_Rarely
10567,Sales,4,2,Sales Executive,Yes,Travel_Frequently
10568,Sales,3,2,Sales Executive,No,Travel_Rarely
10569,Research & Development,3,5,Manager,Yes,Travel_Rarely
10570,Sales,2,3,Sales Executive,No,Non-Travel
10571,Research & Development,3,1,Research Scientist,No,Non-Travel
10572,Research & Development,1,1,Laboratory Technician,No,Travel_Frequently
10573,Research & Development,3,2,Healthcare Representative,No,Travel_Rarely
10574,Sales,2,2,Sales Executive,No,Travel_Rarely
10575,Research & Development,4,1,Research Scientist,No,Travel_Rarely
10576,Research & Development,3,2,Manufacturing Director,Yes,Travel_Rarely
10577,Sales,3,2,Sales Executive,No,Travel_Frequently
10578,Research & Development,3,1,Research Scientist,Yes,Travel_Rarely
10579,Research & Development,4,2,Manufacturing Director,Yes,Travel_Frequently
10580,Research & Development,2,1,Research Scientist,No,Travel_Rarely
10581,Sales,3,1,Sales Representative,No,Travel_Rarely
10582,Research & Development,1,1,Laboratory Technician,No,Travel_Rarely
10583,Research & Development,4,2,Healthcare Representative,No,Travel_Frequently
10584,Sales,3,2,Sales Executive,No,Travel_Rarely
10585,Research & Development,3,5,Manager,No,Travel_Frequently
10586,Research & Development,4,1,Laboratory Technician,Yes,Travel_Rarely
10587,Research & Development,2,1,Laboratory Technician,No,Non-Travel
10588,Research & Development,3,2,Laboratory Technician,No,Travel_Rarely
10589,Research & Development,3,4,Research Director,No,Travel_Rarely
10590,Research & Development,2,1,Laboratory Technician,Yes,Travel_Rarely
10591,Research & Development,3,3,Research Director,No,Travel_Rarely
10592,Sales,3,2,Sales Executive,No,Travel_Rarely
10593,Research & Development,3,4,Manager,Yes,Travel_Rarely
10594,Research & Development,3,2,Manufacturing Director,No,Travel_Rarely
10595,Research & Development,4,1,Research Scientist,No,Travel_Rarely
10596,Research & Development,3,5,Research Director,Yes,Travel_Rarely
10597,Research & Development,4,1,Research Scientist,No,Travel_Rarely
10598,Research & Development,2,2,Manufacturing Director,Yes,Travel_Rarely
10599,Research & Development,3,1,Research Scientist,No,Travel_Rarely
10600,Human Resources,3,1,Human Resources,No,Travel_Rarely
10601,Research & Development,2,2,Manufacturing Director,No,Travel_Rarely
10602,Research & Development,2,2,Laboratory Technician,No,Travel_Frequently
10603,Research & Development,2,2,Manufacturing Director,Yes,Travel_Rarely
10604,Research & Development,2,1,Research Scientist,No,Travel_Rarely
10605,Research & Development,3,2,Manufacturing Director,No,Travel_Rarely
10606,Research & Development,2,2,Healthcare Representative,No,Travel_Frequently
10607,Research & Development,2,1,Research Scientist,No,Travel_Frequently
10608,Sales,3,3,Sales Executive,No,Travel_Rarely
10609,Sales,3,2,Sales Executive,No,Travel_Rarely
10610,Research & Development,3,4,Research Director,No,Travel_Rarely
10611,Research & Development,2,3,Research Director,Yes,Travel_Rarely
10612,Research & Development,3,3,Manufacturing Director,No,Travel_Rarely
10613,Sales,3,2,Sales Executive,Yes,Travel_Rarely
10614,Human Resources,3,1,Human Resources,No,Travel_Rarely
10615,Research & Development,2,1,Research Scientist,Yes,Travel_Frequently
10616,Research & Development,3,1,Research Scientist,No,Non-Travel
10617,Sales,3,4,Manager,No,Travel_Rarely
10618,Research & Development,3,2,Healthcare Representative,No,Travel_Rarely
10619,Research & Development,4,1,Research Scientist,No,Travel_Rarely
10620,Sales,4,2,Sales Executive,No,Travel_Rarely
10621,Research & Development,2,1,Research Scientist,No,Travel_Rarely
10622,Sales,3,2,Sales Executive,Yes,Travel_Rarely
10623,Sales,3,2,Sales Executive,No,Travel_Rarely
10624,Research & Development,2,1,Research Scientist,No,Travel_Frequently
10625,Sales,2,3,Sales Executive,Yes,Travel_Rarely
10626,Sales,3,3,Sales Executive,Yes,Travel_Rarely
10627,Research & Development,4,2,Research Scientist,No,Travel_Rarely
10628,Research & Development,2,4,Manufacturing Director,No,Travel_Frequently
10629,Sales,2,2,Sales Executive,No,Travel_Rarely
10630,Human Resources,2,1,Human Resources,No,Travel_Rarely
10631,Research & Development,2,2,Manufacturing Director,No,Travel_Rarely
10632,Research & Development,4,1,Laboratory Technician,Yes,Travel_Rarely
10633,Research & Development,3,1,Research Scientist,Yes,Travel_Frequently
10634,Human Resources,2,1,Human Resources,No,Travel_Rarely
10635,Sales,3,2,Sales Executive,Yes,Travel_Rarely
10636,Research & Development,2,3,Manufacturing Director,Yes,Travel_Rarely
10637,Research & Development,3,1,Research Scientist,Yes,Travel_Frequently
10638,Research & Development,3,1,Laboratory Technician,No,Non-Travel
10639,Sales,2,2,Sales Executive,No,Travel_Rarely
10640,Research & Development,3,1,Research Scientist,No,Travel_Rarely
10641,Research & Development,2,1,Laboratory Technician,No,Non-Travel
10642,Sales,3,2,Sales Executive,No,Travel_Frequently
10643,Sales,2,1,Sales Representative,No,Travel_Rarely
10644,Research & Development,4,2,Laboratory Technician,Yes,Travel_Rarely
10645,Research & Development,3,1,Research Scientist,Yes,Travel_Rarely
10646,Sales,2,1,Sales Representative,Yes,Travel_Rarely
10647,Sales,3,4,Sales Executive,No,Travel_Rarely
10648,Research & Development,2,3,Manufacturing Director,No,Travel_Rarely
10649,Sales,3,1,Sales Representative,No,Travel_Frequently
10650,Research & Development,3,4,Research Director,No,Travel_Rarely
10651,Research & Development,3,2,Healthcare Representative,No,Travel_Frequently
10652,Sales,3,2,Sales Executive,Yes,Travel_Rarely
10653,Sales,3,3,Sales Executive,Yes,Non-Travel
10654,Research & Development,3,4,Manager,No,Non-Travel
10655,Human Resources,2,2,Human Resources,No,Travel_Rarely
10656,Human Resources,3,1,Human Resources,Yes,Travel_Rarely
10657,Research & Development,3,1,Laboratory Technician,Yes,Travel_Rarely
10658,Research & Development,2,1,Laboratory Technician,No,Travel_Rarely
10659,Research & Development,3,1,Research Scientist,Yes,Travel_Rarely
10660,Sales,3,2,Sales Executive,No,Travel_Rarely
10661,Research & Development,2,1,Laboratory Technician,Yes,Travel_Frequently
10662,Research & Development,3,2,Manufacturing Director,No,Travel_Rarely
10663,Sales,2,1,Sales Representative,No,Travel_Rarely
10664,Research & Development,3,1,Research Scientist,No,Travel_Rarely
10665,Research & Development,3,2,Healthcare Representative,Yes,Travel_Rarely
10666,Sales,2,1,Sales Representative,Yes,Travel_Rarely
10667,Research & Development,3,2,Manufacturing Director,Yes,Travel_Rarely
10668,Research & Development,1,1,Laboratory Technician,Yes,Travel_Rarely
10669,Research & Development,3,1,Research Scientist,No,Travel_Rarely
10670,Research & Development,3,1,Laboratory Technician,Yes,Travel_Rarely
10671,Research & Development,3,1,Research Scientist,No,Travel_Rarely
10672,Research & Development,3,1,Laboratory Technician,No,Travel_Rarely
10673,Sales,2,2,Sales Executive,No,Travel_Rarely
10674,Research & Development,2,1,Research Scientist,Yes,Travel_Rarely
10675,Research & Development,2,3,Healthcare Representative,Yes,Travel_Rarely
10676,Sales,2,1,Sales Representative,No,Travel_Rarely
10677,Research & Development,3,2,Healthcare Representative,Yes,Travel_Rarely
10678,Research & Development,3,3,Laboratory Technician,No,Travel_Rarely
10679,Research & Development,3,1,Research Scientist,No,Travel_Rarely
10680,Sales,3,2,Sales Executive,No,Non-Travel
10681,Research & Development,3,1,Research Scientist,No,Travel_Rarely
10682,Research & Development,3,3,Research Director,No,Travel_Rarely
10683,Research & Development,2,1,Laboratory Technician,No,Non-Travel
10684,Sales,2,1,Sales Representative,Yes,Travel_Rarely
10685,Sales,2,3,Sales Executive,No,Travel_Rarely
10686,Sales,2,2,Sales Executive,No,Travel_Frequently
10687,Research & Development,3,1,Laboratory Technician,Yes,Travel_Rarely
10688,Research & Development,3,1,Laboratory Technician,No,Travel_Rarely
10689,Sales,2,1,Sales Representative,Yes,Travel_Rarely
10690,Research & Development,3,1,Laboratory Technician,No,Travel_Rarely
10691,Research & Development,3,2,Healthcare Representative,Yes,Travel_Rarely
10692,Research & Development,3,1,Research Scientist,Yes,Travel_Frequently
10693,Research & Development,3,2,Manufacturing Director,No,Travel_Rarely
10694,Sales,2,3,Sales Executive,Yes,Travel_Rarely
10695,Research & Development,2,2,Healthcare Representative,No,Travel_Rarely
10696,Sales,2,3,Sales Executive,No,Travel_Rarely
10697,Research & Development,3,2,Laboratory Technician,No,Non-Travel
10698,Sales,3,1,Sales Representative,No,Travel_Frequently
10699,Sales,3,2,Sales Executive,No,Travel_Rarely
10700,Research & Development,3,4,Manager,No,Travel_Rarely
10701,Research & Development,3,1,Research Scientist,No,Travel_Rarely
10702,Sales,3,4,Manager,No,Travel_Rarely
10703,Sales,3,3,Sales Executive,No,Travel_Rarely
10704,Sales,3,2,Sales Executive,Yes,Non-Travel
10705,Sales,3,3,Sales Executive,No,Travel_Rarely
10706,Sales,4,3,Sales Executive,No,Travel_Rarely
10707,Sales,4,4,Sales Executive,Yes,Non-Travel
10708,Research & Development,4,2,Manufacturing Director,Yes,Travel_Frequently
10709,Sales,3,2,Sales Executive,No,Non-Travel
10710,Research & Development,2,1,Research Scientist,Yes,Non-Travel
10711,Sales,3,4,Manager,No,Non-Travel
10712,Research & Development,2,1,Research Scientist,Yes,Travel_Rarely
10713,Research & Development,3,1,Research Scientist,No,Travel_Rarely
10714,Research & Development,3,1,Laboratory Technician,No,Travel_Rarely
10715,Research & Development,3,4,Research Director,No,Travel_Rarely
10716,Research & Development,4,2,Healthcare Representative,Yes,Travel_Frequently
10717,Research & Development,3,5,Research Director,No,Travel_Frequently
10718,Research & Development,3,1,Laboratory Technician,No,Travel_Rarely
10719,Research & Development,3,2,Laboratory Technician,Yes,Non-Travel
10720,Sales,3,2,Sales Executive,Yes,Travel_Rarely
10721,Research & Development,3,1,Research Scientist,Yes,Travel_Rarely
10722,Research & Development,3,4,Manufacturing Director,Yes,Travel_Rarely
10723,Research & Development,3,1,Research Scientist,No,Travel_Frequently
10724,Research & Development,3,3,Manufacturing Director,No,Travel_Rarely
10725,Research & Development,2,2,Manufacturing Director,No,Travel_Rarely
10726,Research & Development,2,1,Laboratory Technician,Yes,Travel_Rarely
10727,Research & Development,3,2,Manufacturing Director,No,Travel_Frequently
10728,Research & Development,3,1,Research Scientist,No,Non-Travel
10729,Research & Development,3,3,Manufacturing Director,No,Travel_Rarely
10730,Research & Development,3,3,Healthcare Representative,Yes,Travel_Rarely
10731,Research & Development,4,3,Research Director,Yes,Travel_Rarely
10732,Research & Development,2,1,Research Scientist,Yes,Travel_Rarely
10733,Research & Development,3,1,Laboratory Technician,No,Travel_Frequently
10734,Research & Development,4,2,Manufacturing Director,No,Travel_Rarely
10735,Research & Development,1,1,Laboratory Technician,No,Travel_Rarely
10736,Research & Development,2,2,Healthcare Representative,No,Travel_Rarely
10737,Research & Development,2,3,Healthcare Representative,No,Travel_Rarely
10738,Research & Development,3,2,Manufacturing Director,No,Travel_Rarely
10739,Research & Development,2,4,Manufacturing Director,No,Travel_Rarely
10740,Research & Development,3,2,Manufacturing Director,No,Travel_Rarely
10741,Research & Development,3,1,Laboratory Technician,No,Travel_Rarely
10742,Sales,3,5,Manager,No,Travel_Rarely
10743,Research & Development,3,1,Laboratory Technician,No,Travel_Rarely
10744,Research & Development,2,4,Manufacturing Director,Yes,Travel_Rarely
10745,Research & Development,1,2,Healthcare Representative,No,Travel_Rarely
10746,Research & Development,3,2,Healthcare Representative,Yes,Travel_Frequently
10747,Research & Development,1,5,Research Director,No,Non-Travel
10748,Sales,3,2,Sales Executive,Yes,Travel_Rarely
10749,Sales,1,2,Sales Executive,No,Non-Travel
10750,Sales,1,5,Manager,No,Travel_Rarely
10751,Sales,4,4,Sales Executive,Yes,Travel_Rarely
10752,Sales,3,2,Sales Executive,No,Non-Travel
10753,Research & Development,4,1,Laboratory Technician,No,Travel_Rarely
10754,Research & Development,3,3,Manufacturing Director,Yes,Travel_Frequently
10755,Sales,2,1,Sales Representative,No,Non-Travel
10756,Sales,3,4,Manager,No,Travel_Rarely
10757,Research & Development,3,1,Laboratory Technician,No,Non-Travel
10758,Sales,4,2,Sales Executive,No,Travel_Rarely
10759,Sales,3,3,Manager,Yes,Travel_Rarely
10760,Human Resources,3,1,Human Resources,No,Travel_Rarely
10761,Sales,2,3,Sales Executive,No,Travel_Frequently
10762,Research & Development,3,2,Laboratory Technician,No,Travel_Rarely
10763,Research & Development,3,1,Research Scientist,Yes,Travel_Frequently
10764,Sales,3,1,Sales Representative,Yes,Travel_Rarely
10765,Sales,3,1,Sales Representative,No,Travel_Rarely
10766,Research & Development,3,1,Research Scientist,No,Travel_Frequently
10767,Research & Development,3,5,Research Director,Yes,Travel_Rarely
10768,Research & Development,3,2,Healthcare Representative,No,Travel_Rarely
10769,Sales,3,2,Sales Executive,No,Travel_Rarely
10770,Research & Development,2,1,Research Scientist,No,Travel_Frequently
10771,Research & Development,3,5,Research Director,No,Travel_Rarely
10772,Sales,2,3,Sales Executive,No,Travel_Rarely
10773,Research & Development,3,1,Research Scientist,No,Travel_Frequently
10774,Research & Development,2,3,Manufacturing Director,No,Travel_Rarely
10775,Research & Development,2,4,Manager,No,Non-Travel
10776,Sales,2,3,Sales Executive,No,Travel_Rarely
10777,Sales,3,1,Sales Representative,Yes,Travel_Frequently
10778,Research & Development,2,1,Laboratory Technician,No,Travel_Rarely
10779,Research & Development,2,2,Research Scientist,Yes,Travel_Rarely
10780,Research & Development,3,1,Research Scientist,Yes,Travel_Rarely
10781,Research & Development,2,3,Healthcare Representative,No,Non-Travel
10782,Research & Development,2,1,Laboratory Technician,No,Travel_Rarely
10783,Research & Development,3,2,Manufacturing Director,No,Travel_Rarely
10784,Research & Development,4,1,Research Scientist,No,Travel_Rarely
10785,Research & Development,2,3,Healthcare Representative,No,Travel_Rarely
10786,Research & Development,3,3,Healthcare Representative,No,Travel_Rarely
10787,Research & Development,1,1,Laboratory Technician,No,Non-Travel
10788,Research & Development,3,3,Manufacturing Director,No,Travel_Frequently
10789,Research & Development,3,2,Research Scientist,No,Travel_Rarely
10790,Human Resources,2,3,Human Resources,No,Travel_Rarely
10791,Research & Development,2,3,Healthcare Representative,No,Travel_Rarely
10792,Sales,3,3,Sales Executive,Yes,Travel_Rarely
10793,Research & Development,2,2,Research Scientist,No,Travel_Frequently
10794,Research & Development,3,1,Laboratory Technician,No,Travel_Rarely
10795,Research & Development,3,2,Healthcare Representative,No,Travel_Frequently
10796,Sales,2,2,Sales Executive,Yes,Travel_Rarely
10797,Research & Development,3,1,Laboratory Technician,Yes,Travel_Rarely
10798,Research & Development,3,1,Laboratory Technician,No,Travel_Rarely
10799,Research & Development,2,1,Research Scientist,Yes,Travel_Rarely
10800,Research & Development,3,4,Manager,No,Travel_Rarely
10801,Research & Development,2,1,Laboratory Technician,No,Travel_Frequently
10802,Sales,3,2,Sales Executive,Yes,Travel_Frequently
10803,Sales,3,2,Sales Executive,No,Travel_Frequently
10804,Research & Development,2,1,Research Scientist,No,Non-Travel
10805,Research & Development,4,4,Manager,No,Non-Travel
10806,Sales,2,2,Sales Executive,No,Non-Travel
10807,Research & Development,3,3,Healthcare Representative,No,Travel_Rarely
10808,Sales,2,3,Sales Executive,Yes,Travel_Rarely
10809,Research & Development,3,1,Research Scientist,No,Travel_Rarely
10810,Research & Development,3,3,Manufacturing Director,No,Travel_Rarely
10811,Sales,3,4,Manager,No,Travel_Rarely
10812,Sales,3,3,Sales Executive,No,Travel_Rarely
10813,Research & Development,3,3,Manufacturing Director,No,Travel_Frequently
10814,Research & Development,3,4,Healthcare Representative,No,Travel_Frequently
10815,Research & Development,2,5,Research Director,No,Travel_Rarely
10816,Research & Development,2,1,Research Scientist,Yes,Travel_Rarely
10817,Research & Development,3,2,Laboratory Technician,No,Non-Travel
10818,Research & Development,3,2,Manufacturing Director,No,Non-Travel
10819,Sales,4,1,Sales Representative,No,Travel_Frequently
10820,Research & Development,2,1,Research Scientist,No,Travel_Rarely
10821,Sales,3,2,Sales Executive,No,Travel_Frequently
10822,Sales,2,4,Sales Executive,No,Travel_Rarely
10823,Research & Development,3,2,Manufacturing Director,No,Travel_Frequently
10824,Research & Development,3,1,Research Scientist,No,Travel_Frequently
10825,Research & Development,1,2,Laboratory Technician,No,Travel_Rarely
10826,Research & Development,2,2,Manufacturing Director,Yes,Travel_Rarely
10827,Human Resources,4,1,Human Resources,No,Travel_Rarely
10828,Research & Development,2,1,Research Scientist,Yes,Travel_Frequently
10829,Research & Development,3,1,Laboratory Technician,No,Non-Travel
10830,Sales,3,2,Sales Executive,Yes,Travel_Rarely
10831,Research & Development,3,1,Laboratory Technician,Yes,Travel_Rarely
10832,Research & Development,3,1,Laboratory Technician,No,Travel_Frequently
10833,Research & Development,2,2,Healthcare Representative,No,Travel_Rarely
10834,Research & Development,2,1,Research Scientist,No,Travel_Rarely
10835,Sales,3,2,Sales Executive,No,Travel_Rarely
10836,Human Resources,3,1,Human Resources,No,Travel_Rarely
10837,Sales,2,3,Sales Executive,No,Travel_Rarely
10838,Research & Development,3,3,Research Director,No,Travel_Frequently
10839,Sales,3,4,Sales Executive,Yes,Travel_Frequently
10840,Sales,3,2,Sales Executive,No,Travel_Rarely
10841,Research & Development,2,1,Laboratory Technician,No,Travel_Rarely
10842,Research & Development,3,1,Laboratory Technician,No,Travel_Rarely
10843,Research & Development,3,1,Laboratory Technician,Yes,Travel_Rarely
10844,Research & Development,4,1,Laboratory Technician,No,Travel_Rarely
10845,Sales,2,2,Sales Executive,No,Travel_Rarely
10846,Research & Development,2,2,Research Scientist,Yes,Travel_Frequently
10847,Research & Development,2,3,Manufacturing Director,No,Travel_Rarely
10848,Research & Development,2,2,Healthcare Representative,No,Travel_Frequently
10849,Research & Development,2,1,Laboratory Technician,No,Travel_Frequently
10850,Sales,1,2,Sales Executive,No,Travel_Rarely
10851,Sales,3,1,Sales Representative,No,Non-Travel
10852,Research & Development,3,5,Manager,No,Travel_Rarely
10853,Research & Development,3,1,Laboratory Technician,No,Travel_Rarely
10854,Research & Development,3,1,Research Scientist,No,Travel_Rarely
10855,Research & Development,3,1,Research Scientist,Yes,Travel_Rarely
10856,Research & Development,2,2,Manufacturing Director,No,Travel_Rarely
10857,Research & Development,2,1,Laboratory Technician,No,Travel_Rarely
10858,Research & Development,3,1,Research Scientist,Yes,Travel_Rarely
10859,Research & Development,3,5,Manager,No,Travel_Rarely
10860,Research & Development,1,1,Research Scientist,Yes,Travel_Rarely
10861,Research & Development,2,1,Research Scientist,Yes,Travel_Frequently
10862,Sales,3,4,Manager,No,Travel_Rarely
10863,Research & Development,1,1,Research Scientist,No,Non-Travel
10864,Human Resources,3,1,Human Resources,No,Travel_Rarely
10865,Research & Development,2,1,Research Scientist,No,Non-Travel
10866,Sales,3,2,Sales Executive,No,Travel_Rarely
10867,Sales,3,2,Sales Executive,No,Travel_Frequently
10868,Research & Development,3,4,Manager,No,Travel_Frequently
10869,Research & Development,2,1,Laboratory Technician,No,Travel_Rarely
10870,Research & Development,3,5,Research Director,No,Travel_Rarely
10871,Sales,3,2,Sales Executive,Yes,Travel_Rarely
10872,Research & Development,3,1,Laboratory Technician,No,Travel_Rarely
10873,Sales,3,2,Sales Executive,No,Travel_Frequently
10874,Research & Development,1,1,Laboratory Technician,No,Travel_Rarely
10875,Research & Development,3,2,Laboratory Technician,No,Travel_Rarely
10876,Research & Development,3,2,Research Scientist,No,Travel_Rarely
10877,Sales,4,1,Sales Representative,No,Travel_Rarely
10878,Research & Development,3,2,Manufacturing Director,No,Travel_Rarely
10879,Human Resources,4,2,Human Resources,No,Non-Travel
10880,Sales,4,2,Sales Executive,Yes,Travel_Rarely
10881,Research & Development,2,1,Laboratory Technician,No,Travel_Frequently
10882,Research & Development,3,2,Research Scientist,Yes,Travel_Frequently
10883,Research & Development,1,3,Manufacturing Director,Yes,Travel_Rarely
10884,Research & Development,3,1,Research Scientist,No,Travel_Rarely
10885,Sales,2,2,Sales Executive,No,Travel_Rarely
10886,Sales,3,2,Sales Executive,No,Travel_Rarely
10887,Research & Development,3,1,Research Scientist,Yes,Travel_Rarely
10888,Research & Development,3,3,Research Director,Yes,Travel_Frequently
10889,Sales,2,3,Sales Executive,Yes,Non-Travel
10890,Research & Development,3,1,Research Scientist,Yes,Travel_Rarely
10891,Research & Development,3,3,Manufacturing Director,No,Travel_Frequently
10892,Research & Development,4,1,Research Scientist,No,Travel_Rarely
10893,Research & Development,2,1,Research Scientist,Yes,Non-Travel
10894,Research & Development,3,1,Research Scientist,No,Travel_Rarely
10895,Research & Development,3,4,Research Director,No,Travel_Rarely
10896,Research & Development,3,2,Healthcare Representative,Yes,Travel_Rarely
10897,Research & Development,2,2,Healthcare Representative,No,Travel_Rarely
10898,Sales,2,2,Sales Executive,No,Travel_Rarely
10899,Research & Development,1,5,Research Director,No,Travel_Rarely
10900,Research & Development,2,5,Manager,No,Travel_Rarely
10901,Research & Development,3,1,Research Scientist,No,Travel_Frequently
10902,Research & Development,4,1,Laboratory Technician,No,Travel_Rarely
10903,Research & Development,3,1,Research Scientist,No,Travel_Rarely
10904,Research & Development,3,2,Healthcare Representative,Yes,Travel_Rarely
10905,Research & Development,2,5,Research Director,No,Travel_Rarely
10906,Research & Development,2,4,Research Director,No,Travel_Rarely
10907,Research & Development,4,1,Research Scientist,No,Travel_Rarely
10908,Sales,3,5,Manager,No,Travel_Rarely
10909,Sales,4,3,Sales Executive,Yes,Travel_Rarely
10910,Research & Development,4,1,Research Scientist,Yes,Travel_Rarely
10911,Research & Development,3,1,Research Scientist,No,Travel_Rarely
10912,Sales,1,1,Sales Representative,Yes,Travel_Frequently
10913,Research & Development,3,1,Research Scientist,Yes,Travel_Rarely
10914,Sales,1,5,Manager,Yes,Travel_Rarely
10915,Research & Development,2,4,Healthcare Representative,Yes,Non-Travel
10916,Research & Development,2,1,Laboratory Technician,No,Travel_Frequently
10917,Sales,2,5,Manager,No,Travel_Rarely
10918,Sales,3,2,Sales Executive,Yes,Travel_Rarely
10919,Sales,3,5,Manager,Yes,Travel_Frequently
10920,Research & Development,3,3,Manufacturing Director,No,Travel_Rarely
10921,Research & Development,3,2,Laboratory Technician,No,Travel_Frequently
10922,Research & Development,3,1,Laboratory Technician,Yes,Travel_Frequently
10923,Research & Development,4,5,Manager,No,Travel_Rarely
10924,Human Resources,2,2,Human Resources,No,Travel_Frequently
10925,Research & Development,3,1,Research Scientist,Yes,Travel_Rarely
10926,Research & Development,4,2,Research Scientist,Yes,Travel_Rarely
10927,Sales,2,3,Sales Executive,No,Travel_Rarely
10928,Research & Development,3,2,Manufacturing Director,Yes,Travel_Rarely
10929,Research & Development,3,3,Healthcare Representative,No,Travel_Rarely
10930,Research & Development,2,1,Laboratory Technician,Yes,Travel_Frequently
10931,Research & Development,2,1,Laboratory Technician,No,Travel_Frequently
10932,Research & Development,3,2,Manufacturing Director,Yes,Non-Travel
10933,Research & Development,3,1,Laboratory Technician,Yes,Travel_Rarely
10934,Research & Development,3,1,Research Scientist,No,Travel_Rarely
10935,Research & Development,3,1,Research Scientist,No,Travel_Rarely
10936,Sales,4,2,Sales Executive,No,Travel_Rarely
10937,Research & Development,3,5,Manager,No,Travel_Frequently
10938,Research & Development,2,4,Manager,Yes,Travel_Rarely
10939,Research & Development,3,1,Research Scientist,No,Travel_Rarely
10940,Research & Development,3,2,Laboratory Technician,No,Travel_Rarely
10941,Research & Development,3,1,Research Scientist,No,Travel_Rarely
10942,Research & Development,2,2,Laboratory Technician,No,Travel_Rarely
10943,Research & Development,3,3,Healthcare Representative,No,Travel_Rarely
10944,Human Resources,3,1,Human Resources,No,Travel_Rarely
10945,Research & Development,1,2,Laboratory Technician,No,Non-Travel
10946,Research & Development,3,4,Research Director,Yes,Travel_Rarely
10947,Sales,2,3,Sales Executive,Yes,Travel_Rarely
10948,Sales,3,3,Sales Executive,Yes,Travel_Rarely
10949,Research & Development,3,3,Manager,Yes,Travel_Rarely
10950,Research & Development,3,2,Manufacturing Director,No,Travel_Rarely
10951,Sales,3,3,Sales Executive,Yes,Non-Travel
10952,Sales,1,2,Sales Executive,No,Non-Travel
10953,Sales,3,1,Sales Representative,Yes,Travel_Frequently
10954,Research & Development,3,1,Laboratory Technician,No,Travel_Rarely
10955,Research & Development,3,4,Manager,Yes,Non-Travel
10956,Research & Development,1,5,Manager,No,Travel_Rarely
10957,Human Resources,3,5,Manager,No,Travel_Rarely
10958,Research & Development,3,1,Research Scientist,No,Non-Travel
10959,Research & Development,3,3,Healthcare Representative,No,Travel_Rarely
10960,Research & Development,3,2,Research Scientist,No,Travel_Rarely
10961,Sales,3,2,Sales Executive,No,Travel_Frequently
10962,Research & Development,3,2,Research Scientist,Yes,Travel_Frequently
10963,Human Resources,3,4,Manager,Yes,Travel_Rarely
10964,Sales,3,2,Sales Executive,No,Travel_Rarely
10965,Sales,3,2,Sales Executive,No,Travel_Rarely
10966,Research & Development,3,1,Laboratory Technician,No,Travel_Rarely
10967,Research & Development,2,3,Manufacturing Director,Yes,Travel_Rarely
10968,Research & Development,3,1,Laboratory Technician,No,Travel_Rarely
10969,Sales,4,2,Sales Executive,No,Travel_Frequently
10970,Research & Development,3,3,Manufacturing Director,No,Travel_Rarely
10971,Sales,4,1,Sales Representative,No,Travel_Rarely
10972,Research & Development,2,4,Manufacturing Director,No,Travel_Rarely
10973,Research & Development,3,1,Laboratory Technician,No,Non-Travel
10974,Research & Development,2,2,Laboratory Technician,No,Travel_Rarely
10975,Sales,1,2,Sales Executive,No,Travel_Frequently
10976,Sales,4,4,Sales Executive,Yes,Travel_Rarely
10977,Research & Development,3,4,Manufacturing Director,Yes,Travel_Rarely
10978,Research & Development,2,1,Research Scientist,No,Non-Travel
10979,Research & Development,4,2,Healthcare Representative,No,Travel_Rarely
10980,Research & Development,3,2,Laboratory Technician,No,Travel_Rarely
10981,Sales,2,1,Sales Representative,No,Travel_Frequently
10982,Sales,3,2,Sales Executive,Yes,Travel_Frequently
10983,Research & Development,4,1,Research Scientist,No,Travel_Frequently
10984,Research & Development,3,2,Healthcare Representative,No,Travel_Rarely
10985,Sales,2,2,Sales Executive,No,Travel_Rarely
10986,Research & Development,3,2,Manufacturing Director,Yes,Travel_Rarely
10987,Sales,2,2,Sales Executive,Yes,Travel_Rarely
10988,Sales,3,3,Sales Executive,No,Travel_Frequently
10989,Research & Development,3,2,Research Scientist,Yes,Travel_Frequently
10990,Research & Development,3,1,Research Scientist,Yes,Travel_Rarely
10991,Sales,3,2,Sales Executive,No,Travel_Frequently
10992,Sales,3,2,Sales Executive,Yes,Travel_Rarely
10993,Research & Development,3,3,Healthcare Representative,No,Non-Travel
10994,Sales,4,2,Sales Executive,No,Travel_Rarely
10995,Research & Development,4,4,Manufacturing Director,Yes,Travel_Frequently
10996,Research & Development,2,2,Research Scientist,Yes,Travel_Rarely
10997,Sales,2,2,Sales Executive,Yes,Travel_Rarely
10998,Research & Development,3,1,Research Scientist,Yes,Travel_Rarely
10999,Research & Development,2,1,Research Scientist,No,Travel_Rarely
11000,Human Resources,3,4,Manager,No,Travel_Rarely
11001,Research & Development,3,1,Laboratory Technician,No,Travel_Rarely
11002,Research & Development,3,1,Laboratory Technician,No,Travel_Rarely
11003,Research & Development,3,3,Manufacturing Director,No,Travel_Frequently
11004,Research & Development,3,1,Laboratory Technician,No,Travel_Rarely
11005,Research & Development,4,1,Laboratory Technician,No,Travel_Rarely
11006,Human Resources,2,3,Human Resources,No,Travel_Rarely
11007,Research & Development,2,2,Laboratory Technician,No,Travel_Frequently
11008,Research & Development,3,3,Healthcare Representative,Yes,Travel_Frequently
11009,Research & Development,3,4,Research Director,No,Travel_Rarely
11010,Research & Development,3,5,Research Director,Yes,Travel_Rarely
11011,Research & Development,4,4,Research Director,No,Travel_Rarely
11012,Sales,3,2,Sales Executive,Yes,Travel_Rarely
11013,Sales,1,1,Sales Representative,No,Travel_Frequently
11014,Sales,3,2,Sales Executive,No,Travel_Rarely
11015,Research & Development,3,4,Research Director,No,Travel_Rarely
11016,Research & Development,3,1,Research Scientist,No,Travel_Frequently
11017,Research & Development,2,1,Research Scientist,No,Travel_Rarely
11018,Research & Development,3,1,Laboratory Technician,No,Travel_Rarely
11019,Research & Development,2,2,Laboratory Technician,No,Travel_Rarely
11020,Sales,2,2,Sales Executive,No,Travel_Rarely
11021,Research & Development,3,1,Research Scientist,No,Travel_Rarely
11022,Sales,2,1,Sales Representative,No,Travel_Rarely
11023,Research & Development,4,1,Laboratory Technician,No,Non-Travel
11024,Research & Development,3,1,Research Scientist,No,Travel_Rarely
11025,Research & Development,3,4,Research Director,No,Travel_Rarely
11026,Sales,3,2,Sales Executive,Yes,Travel_Rarely
11027,Sales,3,2,Sales Executive,No,Travel_Rarely
11028,Research & Development,2,1,Laboratory Technician,No,Travel_Rarely
11029,Research & Development,4,1,Research Scientist,Yes,Travel_Rarely
11030,Research & Development,3,2,Laboratory Technician,No,Non-Travel
11031,Sales,3,3,Sales Executive,No,Travel_Rarely
11032,Sales,3,3,Sales Executive,No,Travel_Rarely
11033,Research & Development,2,1,Laboratory Technician,Yes,Non-Travel
11034,Research & Development,4,3,Manufacturing Director,No,Travel_Frequently
11035,Research & Development,1,3,Healthcare Representative,Yes,Travel_Rarely
11036,Human Resources,4,1,Human Resources,No,Travel_Rarely
11037,Research & Development,3,1,Laboratory Technician,Yes,Travel_Frequently
11038,Research & Development,3,3,Manufacturing Director,Yes,Travel_Rarely
11039,Sales,3,2,Sales Executive,No,Travel_Rarely
11040,Human Resources,3,1,Human Resources,No,Travel_Rarely
11041,Research & Development,2,3,Research Director,No,Non-Travel
11042,Sales,3,2,Sales Executive,No,Travel_Rarely
11043,Research & Development,2,1,Laboratory Technician,No,Non-Travel
11044,Research & Development,4,4,Research Director,No,Travel_Rarely
11045,Research & Development,3,2,Healthcare Representative,No,Travel_Rarely
11046,Research & Development,3,1,Research Scientist,No,Travel_Rarely
11047,Research & Development,3,1,Research Scientist,No,Travel_Rarely
11048,Sales,3,2,Sales Executive,No,Travel_Frequently
11049,Sales,1,2,Sales Executive,No,Travel_Rarely
11050,Sales,3,2,Sales Executive,No,Travel_Rarely
11051,Research & Development,3,1,Laboratory Technician,No,Travel_Frequently
11052,Sales,3,2,Sales Executive,No,Travel_Frequently
11053,Research & Development,3,1,Research Scientist,No,Non-Travel
11054,Research & Development,4,2,Research Scientist,No,Travel_Rarely
11055,Research & Development,3,3,Healthcare Representative,No,Travel_Rarely
11056,Research & Development,3,4,Research Director,No,Travel_Frequently
11057,Sales,3,1,Sales Representative,No,Travel_Frequently
11058,Sales,3,2,Sales Executive,No,Travel_Frequently
11059,Sales,2,2,Sales Executive,Yes,Travel_Rarely
11060,Sales,3,1,Sales Representative,No,Travel_Rarely
11061,Research & Development,3,1,Laboratory Technician,Yes,Travel_Frequently
11062,Sales,3,1,Sales Representative,No,Non-Travel
11063,Research & Development,3,3,Manufacturing Director,Yes,Travel_Frequently
11064,Sales,2,2,Sales Executive,No,Travel_Rarely
11065,Human Resources,3,1,Human Resources,No,Travel_Rarely
11066,Research & Development,3,2,Healthcare Representative,Yes,Travel_Rarely
11067,Research & Development,2,1,Laboratory Technician,No,Travel_Rarely
11068,Sales,3,2,Sales Executive,Yes,Travel_Rarely
11069,Research & Development,2,1,Laboratory Technician,No,Travel_Frequently
11070,Research & Development,2,1,Research Scientist,No,Travel_Rarely
11071,Sales,3,2,Sales Executive,No,Travel_Frequently
11072,Research & Development,2,2,Laboratory Technician,No,Travel_Rarely
11073,Research & Development,3,1,Laboratory Technician,No,Travel_Frequently
11074,Research & Development,1,2,Manufacturing Director,No,Travel_Rarely
11075,Research & Development,3,2,Healthcare Representative,Yes,Travel_Rarely
11076,Research & Development,3,3,Manager,No,Travel_Rarely
11077,Research & Development,3,4,Manager,No,Travel_Frequently
11078,Research & Development,2,1,Research Scientist,No,Travel_Rarely
11079,Research & Development,3,4,Research Director,No,Travel_Rarely
11080,Research & Development,3,3,Manufacturing Director,No,Travel_Rarely
11081,Sales,3,4,Manager,No,Travel_Rarely
11082,Research & Development,2,3,Healthcare Representative,No,Travel_Rarely
11083,Research & Development,3,2,Laboratory Technician,No,Travel_Rarely
11084,Research & Development,3,1,Laboratory Technician,No,Travel_Rarely
11085,Sales,2,3,Sales Executive,Yes,Travel_Rarely
11086,Research & Development,3,1,Research Scientist,No,Travel_Frequently
11087,Research & Development,1,4,Research Director,Yes,Travel_Frequently
11088,Sales,3,1,Sales Representative,Yes,Travel_Rarely
11089,Research & Development,2,1,Laboratory Technician,No,Travel_Rarely
11090,Research & Development,3,2,Research Scientist,No,Travel_Rarely
11091,Research & Development,1,2,Healthcare Representative,No,Travel_Rarely
11092,Research & Development,2,2,Manufacturing Director,No,Travel_Rarely
11093,Research & Development,3,1,Research Scientist,No,Travel_Rarely
11094,Research & Development,3,3,Healthcare Representative,Yes,Travel_Frequently
11095,Sales,3,2,Sales Executive,No,Travel_Rarely
11096,Research & Development,3,2,Laboratory Technician,Yes,Travel_Rarely
11097,Human Resources,3,4,Manager,Yes,Travel_Rarely
11098,Research & Development,2,1,Laboratory Technician,No,Travel_Rarely
11099,Research & Development,3,2,Healthcare Representative,Yes,Non-Travel
11100,Research & Development,3,3,Healthcare Representative,No,Travel_Rarely
11101,Sales,2,1,Sales Representative,No,Travel_Rarely
11102,Research & Development,2,2,Research Scientist,No,Travel_Rarely
11103,Sales,3,1,Sales Representative,Yes,Travel_Rarely
11104,Sales,3,2,Sales Executive,No,Travel_Rarely
11105,Research & Development,4,1,Research Scientist,No,Travel_Rarely
11106,Sales,3,2,Sales Executive,No,Travel_Rarely
11107,Sales,2,2,Sales Executive,No,Travel_Rarely
11108,Human Resources,3,2,Human Resources,No,Travel_Frequently
11109,Research & Development,2,1,Laboratory Technician,No,Travel_Rarely
11110,Sales,3,3,Sales Executive,No,Travel_Rarely
11111,Research & Development,3,1,Laboratory Technician,Yes,Travel_Rarely
11112,Research & Development,2,3,Manufacturing Director,No,Travel_Rarely
11113,Research & Development,3,2,Manufacturing Director,No,Travel_Rarely
11114,Research & Development,3,2,Research Scientist,No,Non-Travel
11115,Research & Development,3,1,Research Scientist,No,Travel_Rarely
11116,Research & Development,3,1,Research Scientist,No,Travel_Rarely
11117,Sales,2,5,Manager,No,Travel_Rarely
11118,Research & Development,3,2,Research Scientist,No,Travel_Rarely
11119,Research & Development,3,1,Research Scientist,No,Travel_Rarely
11120,Sales,3,2,Sales Executive,No,Travel_Rarely
11121,Sales,3,2,Sales Executive,No,Travel_Rarely
11122,Sales,3,2,Sales Executive,No,Travel_Rarely
11123,Research & Development,3,1,Laboratory Technician,Yes,Travel_Rarely
11124,Research & Development,3,2,Healthcare Representative,Yes,Travel_Rarely
11125,Sales,4,3,Sales Executive,No,Travel_Rarely
11126,Research & Development,3,2,Healthcare Representative,No,Travel_Frequently
11127,Sales,3,5,Manager,Yes,Travel_Rarely
11128,Research & Development,4,1,Research Scientist,No,Travel_Rarely
11129,Research & Development,4,2,Laboratory Technician,Yes,Travel_Frequently
11130,Research & Development,2,5,Manager,No,Travel_Rarely
11131,Research & Development,4,2,Laboratory Technician,No,Travel_Rarely
11132,Research & Development,2,2,Healthcare Representative,No,Travel_Frequently
11133,Sales,3,2,Sales Executive,No,Travel_Rarely
11134,Research & Development,4,1,Laboratory Technician,No,Travel_Rarely
11135,Research & Development,2,1,Laboratory Technician,No,Travel_Rarely
11136,Sales,4,4,Manager,No,Travel_Rarely
11137,Research & Development,3,1,Laboratory Technician,Yes,Travel_Rarely
11138,Research & Development,2,1,Research Scientist,Yes,Non-Travel
11139,Research & Development,3,4,Healthcare Representative,Yes,Travel_Frequently
11140,Research & Development,4,1,Research Scientist,No,Travel_Rarely
11141,Research & Development,3,5,Research Director,Yes,Travel_Rarely
11142,Research & Development,2,1,Research Scientist,No,Travel_Rarely
11143,Research & Development,1,2,Laboratory Technician,Yes,Travel_Rarely
11144,Sales,2,2,Sales Executive,No,Non-Travel
11145,Sales,3,2,Sales Executive,No,Travel_Frequently
11146,Research & Development,3,2,Manufacturing Director,Yes,Travel_Rarely
11147,Research & Development,4,2,Manufacturing Director,No,Travel_Frequently
11148,Research & Development,3,1,Laboratory Technician,No,Travel_Rarely
11149,Research & Development,3,2,Manufacturing Director,No,Travel_Rarely
11150,Research & Development,2,1,Laboratory Technician,No,Travel_Rarely
11151,Research & Development,4,2,Research Scientist,No,Travel_Rarely
11152,Research & Development,1,2,Manufacturing Director,No,Travel_Rarely
11153,Research & Development,3,1,Research Scientist,No,Travel_Rarely
11154,Sales,3,1,Sales Representative,Yes,Travel_Frequently
11155,Human Resources,3,5,Manager,No,Travel_Rarely
11156,Research & Development,2,2,Laboratory Technician,No,Travel_Rarely
11157,Research & Development,2,3,Manufacturing Director,No,Travel_Rarely
11158,Research & Development,3,2,Healthcare Representative,No,Non-Travel
11159,Research & Development,3,2,Manufacturing Director,No,Travel_Rarely
11160,Research & Development,3,2,Manufacturing Director,No,Travel_Frequently
11161,Research & Development,2,2,Manufacturing Director,No,Travel_Rarely
11162,Research & Development,2,3,Manufacturing Director,Yes,Travel_Rarely
11163,Sales,2,3,Sales Executive,No,Travel_Rarely
11164,Research & Development,3,1,Research Scientist,No,Travel_Rarely
11165,Research & Development,3,3,Manufacturing Director,Yes,Travel_Rarely
11166,Human Resources,3,2,Human Resources,Yes,Travel_Frequently
11167,Research & Development,2,4,Manager,No,Travel_Frequently
11168,Sales,1,2,Sales Executive,Yes,Travel_Rarely
11169,Research & Development,3,1,Research Scientist,Yes,Travel_Frequently
11170,Research & Development,4,1,Research Scientist,No,Travel_Rarely
11171,Research & Development,3,1,Research Scientist,No,Travel_Frequently
11172,Research & Development,3,1,Laboratory Technician,Yes,Travel_Rarely
11173,Sales,2,2,Sales Executive,No,Travel_Rarely
11174,Research & Development,3,3,Healthcare Representative,No,Travel_Rarely
11175,Research & Development,4,2,Manufacturing Director,No,Travel_Frequently
11176,Research & Development,3,2,Manufacturing Director,No,Travel_Rarely
11177,Research & Development,3,4,Research Director,No,Travel_Rarely
11178,Research & Development,2,3,Research Director,No,Travel_Rarely
11179,Sales,3,1,Sales Representative,No,Travel_Rarely
11180,Research & Development,3,2,Research Scientist,No,Travel_Rarely
11181,Research & Development,3,1,Laboratory Technician,No,Travel_Rarely
11182,Research & Development,2,4,Healthcare Representative,Yes,Travel_Rarely
11183,Research & Development,2,2,Manufacturing Director,No,Non-Travel
11184,Research & Development,4,2,Healthcare Representative,No,Travel_Rarely
11185,Research & Development,3,4,Manager,No,Travel_Rarely
11186,Research & Development,2,4,Research Director,No,Travel_Rarely
11187,Sales,3,2,Sales Executive,Yes,Travel_Frequently
11188,Research & Development,3,2,Research Scientist,No,Travel_Frequently
11189,Sales,2,2,Sales Executive,Yes,Travel_Rarely
11190,Sales,3,2,Sales Executive,No,Travel_Rarely
11191,Research & Development,3,2,Research Scientist,No,Travel_Rarely
11192,Sales,3,2,Sales Executive,No,Travel_Rarely
11193,Research & Development,3,1,Laboratory Technician,Yes,Travel_Rarely
11194,Research & Development,2,1,Laboratory Technician,No,Travel_Frequently
11195,Sales,4,4,Manager,No,Travel_Rarely
11196,Research & Development,3,4,Manager,No,Travel_Rarely
11197,Sales,3,3,Sales Executive,Yes,Travel_Rarely
11198,Sales,3,1,Sales Representative,No,Travel_Rarely
11199,Sales,3,2,Sales Executive,Yes,Non-Travel
11200,Research & Development,3,2,Healthcare Representative,No,Travel_Rarely
11201,Human Resources,3,1,Human Resources,Yes,Travel_Rarely
11202,Research & Development,2,1,Laboratory Technician,Yes,Travel_Rarely
11203,Research & Development,3,1,Laboratory Technician,No,Travel_Rarely
11204,Research & Development,4,3,Healthcare Representative,No,Travel_Rarely
11205,Sales,3,1,Sales Representative,Yes,Travel_Frequently
11206,Research & Development,3,1,Laboratory Technician,No,Travel_Rarely
11207,Research & Development,3,1,Laboratory Technician,No,Non-Travel
11208,Research & Development,2,1,Research Scientist,No,Travel_Rarely
11209,Research & Development,2,2,Laboratory Technician,No,Travel_Rarely
11210,Research & Development,1,3,Healthcare Representative,No,Travel_Rarely
11211,Research & Development,4,1,Laboratory Technician,No,Travel_Rarely
11212,Sales,1,2,Sales Executive,No,Travel_Frequently
11213,Research & Development,2,1,Research Scientist,No,Travel_Rarely
11214,Sales,3,1,Sales Representative,Yes,Travel_Rarely
11215,Research & Development,4,3,Healthcare Representative,Yes,Travel_Rarely
11216,Research & Development,2,1,Research Scientist,Yes,Travel_Frequently
11217,Sales,3,2,Sales Executive,Yes,Travel_Rarely
11218,Research & Development,4,1,Research Scientist,No,Travel_Rarely
11219,Sales,3,3,Sales Executive,No,Travel_Rarely
11220,Research & Development,3,1,Laboratory Technician,No,Travel_Rarely
11221,Sales,3,2,Sales Representative,No,Travel_Rarely
11222,Research & Development,2,3,Healthcare Representative,No,Non-Travel
11223,Human Resources,1,1,Human Resources,No,Travel_Rarely
11224,Sales,1,4,Sales Executive,No,Travel_Frequently
11225,Research & Development,1,1,Laboratory Technician,No,Travel_Rarely
11226,Research & Development,2,4,Research Director,No,Travel_Rarely
11227,Research & Development,3,1,Research Scientist,No,Travel_Frequently
11228,Research & Development,3,1,Laboratory Technician,No,Travel_Rarely
11229,Human Resources,1,2,Human Resources,No,Non-Travel
11230,Research & Development,3,2,Manufacturing Director,Yes,Travel_Rarely
11231,Research & Development,3,1,Laboratory Technician,No,Travel_Rarely
11232,Research & Development,3,2,Healthcare Representative,No,Travel_Rarely
11233,Research & Development,3,2,Manufacturing Director,No,Travel_Rarely
11234,Research & Development,3,1,Research Scientist,No,Travel_Rarely
11235,Sales,3,2,Sales Executive,No,Non-Travel
11236,Sales,3,3,Sales Executive,Yes,Travel_Rarely
11237,Sales,2,2,Sales Executive,Yes,Travel_Rarely
11238,Sales,1,2,Sales Executive,No,Travel_Rarely
11239,Research & Development,3,1,Laboratory Technician,No,Travel_Rarely
11240,Research & Development,3,2,Manufacturing Director,No,Travel_Frequently
11241,Research & Development,3,2,Laboratory Technician,Yes,Non-Travel
11242,Sales,1,3,Sales Executive,No,Travel_Rarely
11243,Sales,3,5,Manager,No,Travel_Rarely
11244,Human Resources,1,3,Human Resources,No,Travel_Rarely
11245,Research & Development,2,1,Research Scientist,No,Travel_Frequently
11246,Human Resources,3,1,Human Resources,No,Travel_Frequently
11247,Human Resources,2,1,Human Resources,No,Travel_Frequently
11248,Sales,3,2,Sales Executive,No,Travel_Rarely
11249,Research & Development,3,1,Research Scientist,No,Travel_Rarely
11250,Sales,1,1,Sales Representative,No,Travel_Rarely
11251,Research & Development,4,2,Healthcare Representative,Yes,Travel_Frequently
11252,Sales,2,3,Sales Executive,No,Travel_Rarely
11253,Research & Development,4,1,Research Scientist,Yes,Travel_Rarely
11254,Sales,3,2,Sales Executive,No,Non-Travel
11255,Sales,3,2,Sales Executive,No,Travel_Rarely
11256,Sales,3,3,Sales Executive,Yes,Travel_Rarely
11257,Research & Development,2,1,Laboratory Technician,No,Travel_Frequently
11258,Sales,3,3,Sales Executive,No,Travel_Rarely
11259,Research & Development,2,1,Research Scientist,No,Travel_Rarely
11260,Research & Development,4,2,Healthcare Representative,No,Travel_Rarely
11261,Research & Development,3,1,Research Scientist,No,Non-Travel
11262,Research & Development,1,2,Healthcare Representative,Yes,Travel_Rarely
11263,Research & Development,2,1,Research Scientist,Yes,Travel_Frequently
11264,Research & Development,3,1,Laboratory Technician,No,Travel_Rarely
11265,Research & Development,2,5,Research Director,No,Travel_Rarely
11266,Research & Development,3,2,Research Scientist,No,Non-Travel
11267,Research & Development,3,1,Laboratory Technician,No,Travel_Rarely
11268,Sales,3,2,Sales Executive,Yes,Non-Travel
11269,Research & Development,2,4,Manufacturing Director,Yes,Non-Travel
11270,Human Resources,3,1,Human Resources,No,Travel_Rarely
11271,Sales,1,2,Sales Executive,No,Travel_Rarely
11272,Sales,3,1,Sales Representative,No,Travel_Rarely
11273,Research & Development,2,1,Laboratory Technician,No,Travel_Rarely
11274,Research & Development,3,1,Laboratory Technician,Yes,Travel_Rarely
11275,Sales,2,2,Sales Executive,No,Travel_Rarely
11276,Research & Development,3,3,Manager,No,Travel_Rarely
11277,Sales,2,2,Sales Executive,No,Travel_Rarely
11278,Research & Development,3,5,Research Director,Yes,Travel_Rarely
11279,Research & Development,3,3,Healthcare Representative,Yes,Travel_Rarely
11280,Research & Development,3,1,Research Scientist,Yes,Travel_Frequently
11281,Human Resources,3,2,Human Resources,No,Travel_Rarely
11282,Sales,3,2,Sales Executive,Yes,Travel_Rarely
11283,Research & Development,4,1,Research Scientist,No,Travel_Rarely
11284,Research & Development,3,1,Research Scientist,No,Travel_Rarely
11285,Research & Development,3,3,Research Director,No,Travel_Rarely
11286,Sales,2,2,Sales Executive,No,Non-Travel
11287,Research & Development,3,1,Laboratory Technician,No,Travel_Rarely
11288,Research & Development,4,2,Healthcare Representative,No,Travel_Rarely
11289,Research & Development,3,2,Manufacturing Director,No,Non-Travel
11290,Human Resources,3,1,Human Resources,No,Non-Travel
11291,Research & Development,3,2,Laboratory Technician,No,Travel_Frequently
11292,Research & Development,3,2,Manufacturing Director,No,Travel_Rarely
11293,Sales,3,2,Sales Executive,No,Travel_Frequently
11294,Research & Development,3,1,Research Scientist,No,Non-Travel
11295,Research & Development,4,2,Healthcare Representative,No,Travel_Rarely
11296,Sales,3,3,Sales Executive,Yes,Travel_Rarely
11297,Research & Development,3,3,Manufacturing Director,No,Travel_Rarely
11298,Human Resources,3,1,Human Resources,Yes,Travel_Rarely
11299,Research & Development,3,2,Healthcare Representative,No,Travel_Rarely
11300,Research & Development,3,2,Healthcare Representative,No,Travel_Rarely
11301,Sales,4,2,Sales Executive,No,Travel_Rarely
11302,Sales,3,4,Manager,No,Non-Travel
11303,Research & Development,1,1,Laboratory Technician,No,Travel_Rarely
11304,Research & Development,2,3,Manufacturing Director,Yes,Travel_Rarely
11305,Research & Development,3,2,Healthcare Representative,No,Travel_Rarely
11306,Research & Development,3,2,Research Scientist,No,Travel_Rarely
11307,Sales,3,3,Sales Executive,No,Travel_Frequently
11308,Research & Development,3,1,Research Scientist,No,Travel_Rarely
11309,Sales,1,2,Sales Representative,Yes,Travel_Rarely
11310,Sales,3,2,Sales Executive,No,Travel_Rarely
11311,Research & Development,3,4,Research Director,Yes,Travel_Frequently
11312,Research & Development,3,1,Research Scientist,No,Non-Travel
11313,Human Resources,4,1,Human Resources,No,Travel_Rarely
11314,Human Resources,2,1,Human Resources,Yes,Travel_Rarely
11315,Sales,3,2,Sales Executive,No,Non-Travel
11316,Research & Development,3,2,Research Scientist,Yes,Travel_Rarely
11317,Sales,3,2,Sales Executive,No,Travel_Frequently
11318,Research & Development,3,1,Laboratory Technician,Yes,Travel_Frequently
11319,Research & Development,3,1,Laboratory Technician,No,Travel_Frequently
11320,Sales,3,2,Sales Executive,No,Travel_Frequently
11321,Research & Development,3,1,Research Scientist,No,Non-Travel
11322,Research & Development,3,1,Laboratory Technician,No,Travel_Rarely
11323,Research & Development,3,3,Manufacturing Director,No,Travel_Rarely
11324,Human Resources,3,1,Human Resources,No,Non-Travel
11325,Research & Development,1,2,Healthcare Representative,No,Travel_Rarely
11326,Research & Development,3,1,Laboratory Technician,No,Travel_Rarely
11327,Sales,2,2,Sales Executive,Yes,Travel_Rarely
11328,Sales,4,4,Sales Executive,No,Travel_Rarely
11329,Sales,2,2,Sales Representative,No,Travel_Rarely
11330,Human Resources,2,1,Human Resources,No,Travel_Rarely
11331,Research & Development,2,5,Manager,No,Travel_Rarely
11332,Research & Development,2,5,Research Director,No,Travel_Rarely
11333,Research & Development,2,1,Research Scientist,Yes,Travel_Frequently
11334,Sales,3,3,Sales Executive,No,Travel_Rarely
11335,Research & Development,2,1,Research Scientist,No,Travel_Frequently
11336,Research & Development,3,2,Research Scientist,No,Travel_Rarely
11337,Research & Development,2,1,Research Scientist,No,Travel_Rarely
11338,Sales,3,1,Sales Representative,No,Travel_Rarely
11339,Sales,3,1,Sales Representative,No,Travel_Rarely
11340,Research & Development,3,1,Research Scientist,Yes,Travel_Rarely
11341,Sales,2,2,Sales Executive,Yes,Travel_Rarely
11342,Research & Development,3,2,Laboratory Technician,No,Travel_Rarely
11343,Sales,3,3,Sales Executive,Yes,Travel_Rarely
11344,Research & Development,3,1,Laboratory Technician,No,Travel_Rarely
11345,Research & Development,3,2,Research Scientist,Yes,Travel_Rarely
11346,Research & Development,2,2,Manufacturing Director,Yes,Travel_Rarely
11347,Research & Development,2,2,Manufacturing Director,No,Travel_Rarely
11348,Human Resources,2,2,Human Resources,No,Travel_Frequently
11349,Research & Development,3,4,Manager,No,Travel_Rarely
11350,Research & Development,2,1,Research Scientist,Yes,Travel_Rarely
11351,Sales,4,2,Sales Executive,No,Travel_Rarely
11352,Research & Development,3,4,Manager,No,Travel_Frequently
11353,Research & Development,4,2,Healthcare Representative,No,Travel_Rarely
11354,Research & Development,1,1,Research Scientist,Yes,Non-Travel
11355,Research & Development,3,1,Laboratory Technician,No,Travel_Rarely
11356,Sales,2,2,Sales Executive,No,Travel_Rarely
11357,Sales,3,2,Sales Executive,No,Travel_Rarely
11358,Research & Development,3,3,Research Director,No,Travel_Rarely
11359,Sales,3,2,Sales Executive,Yes,Travel_Rarely
11360,Sales,2,2,Sales Executive,Yes,Travel_Rarely
11361,Research & Development,4,1,Laboratory Technician,No,Travel_Rarely
11362,Research & Development,4,1,Laboratory Technician,No,Travel_Frequently
11363,Research & Development,3,2,Healthcare Representative,No,Travel_Frequently
11364,Sales,3,2,Sales Executive,No,Travel_Rarely
11365,Sales,2,2,Sales Executive,Yes,Travel_Frequently
11366,Sales,4,1,Sales Representative,No,Travel_Frequently
11367,Sales,1,2,Sales Executive,No,Non-Travel
11368,Research & Development,3,1,Research Scientist,No,Travel_Rarely
11369,Research & Development,2,2,Research Scientist,Yes,Travel_Frequently
11370,Sales,3,2,Sales Executive,Yes,Travel_Rarely
11371,Research & Development,3,2,Research Scientist,No,Non-Travel
11372,Sales,2,2,Sales Executive,No,Travel_Rarely
11373,Research & Development,3,2,Manufacturing Director,No,Travel_Rarely
11374,Research & Development,2,2,Research Scientist,Yes,Travel_Frequently
11375,Sales,3,4,Manager,Yes,Travel_Rarely
11376,Research & Development,4,1,Research Scientist,Yes,Travel_Frequently
11377,Research & Development,3,1,Research Scientist,No,Travel_Rarely
11378,Research & Development,3,5,Research Director,No,Travel_Frequently
11379,Sales,3,2,Sales Executive,Yes,Travel_Rarely
11380,Human Resources,2,1,Human Resources,No,Travel_Frequently
11381,Sales,3,2,Sales Executive,No,Travel_Rarely
11382,Research & Development,3,1,Research Scientist,No,Non-Travel
11383,Research & Development,3,1,Research Scientist,Yes,Non-Travel
11384,Research & Development,4,1,Laboratory Technician,No,Non-Travel
11385,Sales,3,3,Sales Executive,No,Travel_Rarely
11386,Sales,3,3,Sales Executive,No,Travel_Rarely
11387,Research & Development,3,1,Laboratory Technician,No,Travel_Rarely
11388,Research & Development,3,2,Healthcare Representative,No,Travel_Rarely
11389,Research & Development,3,2,Healthcare Representative,No,Non-Travel
11390,Research & Development,1,2,Research Scientist,No,Travel_Frequently
11391,Research & Development,2,1,Laboratory Technician,No,Travel_Rarely
11392,Sales,2,1,Sales Representative,No,Travel_Rarely
11393,Sales,3,2,Sales Executive,Yes,Travel_Rarely
11394,Sales,3,2,Sales Executive,No,Travel_Rarely
11395,Research & Development,2,2,Manufacturing Director,No,Travel_Rarely
11396,Sales,3,2,Sales Executive,Yes,Travel_Frequently
11397,Sales,3,3,Sales Executive,Yes,Travel_Rarely
11398,Research & Development,3,2,Research Scientist,No,Travel_Rarely
11399,Research & Development,3,2,Healthcare Representative,No,Travel_Frequently
11400,Research & Development,3,3,Healthcare Representative,No,Travel_Rarely
11401,Human Resources,3,1,Human Resources,Yes,Travel_Frequently
11402,Human Resources,4,5,Manager,Yes,Travel_Rarely
11403,Research & Development,1,1,Laboratory Technician,Yes,Travel_Rarely
11404,Sales,3,4,Sales Executive,No,Travel_Rarely
11405,Research & Development,2,2,Research Scientist,No,Non-Travel
11406,Research & Development,3,3,Research Director,No,Non-Travel
11407,Research & Development,3,2,Manufacturing Director,Yes,Travel_Rarely
11408,Research & Development,2,2,Healthcare Representative,No,Travel_Rarely
11409,Research & Development,3,1,Laboratory Technician,No,Travel_Rarely
11410,Research & Development,3,2,Laboratory Technician,No,Travel_Frequently
11411,Sales,3,2,Sales Executive,No,Travel_Rarely
11412,Human Resources,3,1,Human Resources,No,Travel_Rarely
11413,Research & Development,3,1,Laboratory Technician,No,Travel_Rarely
11414,Research & Development,3,1,Laboratory Technician,Yes,Travel_Rarely
11415,Research & Development,3,3,Healthcare Representative,No,Travel_Rarely
11416,Research & Development,2,1,Laboratory Technician,No,Non-Travel
11417,Sales,3,2,Sales Executive,No,Travel_Rarely
11418,Sales,3,1,Sales Representative,No,Travel_Rarely
11419,Research & Development,2,2,Manufacturing Director,No,Travel_Frequently
11420,Research & Development,3,2,Research Scientist,Yes,Travel_Rarely
11421,Research & Development,3,1,Research Scientist,No,Travel_Rarely
11422,Research & Development,3,3,Research Director,No,Non-Travel
11423,Research & Development,3,1,Laboratory Technician,Yes,Travel_Rarely
11424,Research & Development,3,1,Research Scientist,No,Travel_Rarely
11425,Research & Development,3,2,Research Scientist,No,Travel_Rarely
11426,Research & Development,3,2,Healthcare Representative,Yes,Travel_Rarely
11427,Research & Development,2,1,Laboratory Technician,No,Travel_Rarely
11428,Research & Development,3,1,Laboratory Technician,No,Travel_Rarely
11429,Sales,2,1,Sales Representative,No,Travel_Rarely
11430,Research & Development,3,2,Research Scientist,No,Travel_Rarely
11431,Research & Development,1,3,Research Director,No,Travel_Rarely
11432,Sales,3,3,Sales Executive,No,Travel_Rarely
11433,Research & Development,4,3,Research Director,Yes,Travel_Rarely
11434,Sales,3,2,Sales Executive,Yes,Travel_Rarely
11435,Sales,3,1,Sales Representative,No,Non-Travel
11436,Research & Development,3,1,Research Scientist,Yes,Travel_Rarely
11437,Sales,3,1,Sales Representative,Yes,Travel_Rarely
11438,Research & Development,3,5,Manager,No,Non-Travel
11439,Sales,3,1,Sales Representative,No,Travel_Frequently
11440,Sales,2,3,Sales Executive,No,Travel_Rarely
11441,Research & Development,3,2,Manufacturing Director,No,Travel_Frequently
11442,Research & Development,3,2,Healthcare Representative,No,Non-Travel
11443,Research & Development,3,1,Research Scientist,Yes,Travel_Rarely
11444,Research & Development,3,5,Manager,No,Travel_Rarely
11445,Research & Development,3,1,Laboratory Technician,No,Travel_Rarely
11446,Research & Development,2,4,Manufacturing Director,No,Travel_Rarely
11447,Sales,2,2,Sales Executive,No,Travel_Rarely
11448,Sales,1,2,Sales Executive,No,Non-Travel
11449,Sales,2,2,Sales Executive,No,Travel_Rarely
11450,Research & Development,3,1,Research Scientist,No,Travel_Rarely
11451,Human Resources,3,3,Human Resources,Yes,Travel_Rarely
11452,Sales,3,2,Sales Executive,No,Travel_Rarely
11453,Sales,3,2,Sales Executive,No,Travel_Frequently
11454,Sales,2,2,Sales Executive,No,Travel_Rarely
11455,Sales,3,2,Sales Executive,No,Travel_Rarely
11456,Research & Development,2,1,Research Scientist,No,Travel_Rarely
11457,Research & Development,3,2,Healthcare Representative,Yes,Travel_Frequently
11458,Research & Development,3,1,Research Scientist,No,Travel_Rarely
11459,Research & Development,1,1,Research Scientist,No,Travel_Rarely
11460,Research & Development,2,2,Laboratory Technician,Yes,Travel_Rarely
11461,Research & Development,2,1,Research Scientist,No,Travel_Rarely
11462,Sales,2,3,Sales Executive,Yes,Travel_Rarely
11463,Sales,2,4,Sales Executive,No,Travel_Rarely
11464,Research & Development,3,2,Manufacturing Director,No,Non-Travel
11465,Sales,2,1,Sales Representative,No,Travel_Rarely
11466,Research & Development,4,2,Laboratory Technician,No,Travel_Frequently
11467,Research & Development,2,3,Healthcare Representative,No,Travel_Rarely
11468,Research & Development,4,2,Manufacturing Director,Yes,Travel_Rarely
11469,Sales,2,2,Sales Executive,No,Travel_Frequently
11470,Research & Development,4,2,Laboratory Technician,No,Travel_Rarely
